,median,mean,variance,max,min,year
0,,,,,,1955
1,,,,,,1955
2,,,,,,1955
3,,,,,,1955
4,,,,,,1955
5,,,,,,1955
6,,,,,,1955
7,,,,,,1955
8,,,,,,1955
9,,,,,,1955
10,,,,,,1955
11,,,,,,1955
12,,,,,,1955
13,,,,,,1955
14,,,,,,1955
15,,,,,,1955
16,,,,,,1955
17,,,,,,1955
18,,,,,,1955
19,,,,,,1955
20,,,,,,1955
21,,,,,,1955
22,,,,,,1955
23,,,,,,1955
24,,,,,,1955
25,,,,,,1955
26,,,,,,1955
27,,,,,,1955
28,,,,,,1955
29,,,,,,1955
30,,,,,,1955
31,,,,,,1955
32,,,,,,1955
33,,,,,,1955
34,,,,,,1955
35,,,,,,1955
36,,,,,,1955
37,,,,,,1955
38,,,,,,1955
39,,,,,,1955
40,,,,,,1955
41,,,,,,1955
42,,,,,,1955
43,,,,,,1955
44,,,,,,1955
45,,,,,,1955
46,,,,,,1955
47,,,,,,1955
48,,,,,,1955
49,,,,,,1955
50,,,,,,1955
51,,,,,,1955
52,,,,,,1955
53,,,,,,1955
54,,,,,,1955
55,,,,,,1955
56,,,,,,1955
57,,,,,,1955
58,,,,,,1955
59,,,,,,1955
60,,,,,,1955
61,,,,,,1955
62,,,,,,1955
63,,,,,,1955
64,,,,,,1955
65,,,,,,1955
66,,,,,,1955
67,,,,,,1955
68,,,,,,1955
69,,,,,,1955
70,,,,,,1955
71,,,,,,1955
72,,,,,,1955
73,,,,,,1955
74,,,,,,1955
75,,,,,,1955
76,,,,,,1955
77,,,,,,1955
78,,,,,,1955
79,,,,,,1955
80,,,,,,1955
81,,,,,,1955
82,,,,,,1955
83,,,,,,1955
84,,,,,,1955
85,,,,,,1955
86,,,,,,1955
87,,,,,,1955
88,,,,,,1955
89,,,,,,1955
90,,,,,,1956
91,,,,,,1956
92,,,,,,1956
93,,,,,,1956
94,,,,,,1956
95,,,,,,1956
96,,,,,,1956
97,,,,,,1956
98,,,,,,1956
99,,,,,,1956
100,,,,,,1956
101,,,,,,1956
102,,,,,,1956
103,,,,,,1956
104,,,,,,1956
105,,,,,,1956
106,,,,,,1956
107,,,,,,1956
108,,,,,,1956
109,,,,,,1956
110,,,,,,1956
111,,,,,,1956
112,,,,,,1956
113,,,,,,1956
114,,,,,,1956
115,,,,,,1956
116,,,,,,1956
117,,,,,,1956
118,,,,,,1956
119,,,,,,1956
120,,,,,,1956
121,,,,,,1956
122,,,,,,1956
123,,,,,,1956
124,,,,,,1956
125,,,,,,1956
126,,,,,,1956
127,,,,,,1956
128,,,,,,1956
129,,,,,,1956
130,,,,,,1956
131,,,,,,1956
132,,,,,,1956
133,,,,,,1956
134,,,,,,1956
135,,,,,,1956
136,,,,,,1956
137,,,,,,1956
138,,,,,,1956
139,,,,,,1956
140,,,,,,1956
141,,,,,,1956
142,,,,,,1956
143,,,,,,1956
144,,,,,,1956
145,,,,,,1956
146,,,,,,1956
147,,,,,,1956
148,,,,,,1956
149,,,,,,1956
150,,,,,,1956
151,,,,,,1956
152,,,,,,1956
153,,,,,,1956
154,,,,,,1956
155,,,,,,1956
156,,,,,,1956
157,,,,,,1956
158,,,,,,1956
159,,,,,,1956
160,,,,,,1956
161,,,,,,1956
162,,,,,,1956
163,,,,,,1956
164,,,,,,1956
165,,,,,,1956
166,,,,,,1956
167,,,,,,1956
168,,,,,,1956
169,,,,,,1956
170,,,,,,1956
171,,,,,,1956
172,,,,,,1956
173,,,,,,1956
174,,,,,,1956
175,,,,,,1956
176,,,,,,1956
177,,,,,,1956
178,,,,,,1956
179,,,,,,1956
180,,,,,,1957
181,,,,,,1957
182,,,,,,1957
183,,,,,,1957
184,,,,,,1957
185,,,,,,1957
186,,,,,,1957
187,,,,,,1957
188,,,,,,1957
189,,,,,,1957
190,,,,,,1957
191,,,,,,1957
192,,,,,,1957
193,,,,,,1957
194,,,,,,1957
195,,,,,,1957
196,,,,,,1957
197,,,,,,1957
198,,,,,,1957
199,,,,,,1957
200,,,,,,1957
201,,,,,,1957
202,,,,,,1957
203,,,,,,1957
204,,,,,,1957
205,,,,,,1957
206,,,,,,1957
207,,,,,,1957
208,,,,,,1957
209,,,,,,1957
210,,,,,,1957
211,,,,,,1957
212,,,,,,1957
213,,,,,,1957
214,,,,,,1957
215,,,,,,1957
216,,,,,,1957
217,,,,,,1957
218,,,,,,1957
219,,,,,,1957
220,,,,,,1957
221,,,,,,1957
222,,,,,,1957
223,,,,,,1957
224,,,,,,1957
225,,,,,,1957
226,,,,,,1957
227,,,,,,1957
228,,,,,,1957
229,,,,,,1957
230,,,,,,1957
231,,,,,,1957
232,,,,,,1957
233,,,,,,1957
234,,,,,,1957
235,,,,,,1957
236,,,,,,1957
237,,,,,,1957
238,,,,,,1957
239,,,,,,1957
240,,,,,,1957
241,,,,,,1957
242,,,,,,1957
243,,,,,,1957
244,,,,,,1957
245,,,,,,1957
246,,,,,,1957
247,,,,,,1957
248,,,,,,1957
249,,,,,,1957
250,,,,,,1957
251,,,,,,1957
252,,,,,,1957
253,,,,,,1957
254,,,,,,1957
255,,,,,,1957
256,,,,,,1957
257,,,,,,1957
258,,,,,,1957
259,,,,,,1957
260,,,,,,1957
261,,,,,,1957
262,,,,,,1957
263,,,,,,1957
264,,,,,,1957
265,,,,,,1957
266,,,,,,1957
267,,,,,,1957
268,,,,,,1957
269,,,,,,1957
270,,,,,,1958
271,,,,,,1958
272,,,,,,1958
273,,,,,,1958
274,,,,,,1958
275,,,,,,1958
276,,,,,,1958
277,,,,,,1958
278,,,,,,1958
279,,,,,,1958
280,,,,,,1958
281,,,,,,1958
282,,,,,,1958
283,,,,,,1958
284,,,,,,1958
285,,,,,,1958
286,,,,,,1958
287,,,,,,1958
288,,,,,,1958
289,,,,,,1958
290,,,,,,1958
291,,,,,,1958
292,,,,,,1958
293,,,,,,1958
294,,,,,,1958
295,,,,,,1958
296,,,,,,1958
297,,,,,,1958
298,,,,,,1958
299,,,,,,1958
300,,,,,,1958
301,,,,,,1958
302,,,,,,1958
303,,,,,,1958
304,,,,,,1958
305,,,,,,1958
306,,,,,,1958
307,,,,,,1958
308,,,,,,1958
309,,,,,,1958
310,,,,,,1958
311,,,,,,1958
312,,,,,,1958
313,,,,,,1958
314,,,,,,1958
315,,,,,,1958
316,,,,,,1958
317,,,,,,1958
318,,,,,,1958
319,,,,,,1958
320,,,,,,1958
321,,,,,,1958
322,,,,,,1958
323,,,,,,1958
324,,,,,,1958
325,,,,,,1958
326,,,,,,1958
327,,,,,,1958
328,,,,,,1958
329,,,,,,1958
330,,,,,,1958
331,,,,,,1958
332,,,,,,1958
333,,,,,,1958
334,,,,,,1958
335,,,,,,1958
336,,,,,,1958
337,,,,,,1958
338,,,,,,1958
339,,,,,,1958
340,,,,,,1958
341,,,,,,1958
342,,,,,,1958
343,,,,,,1958
344,,,,,,1958
345,,,,,,1958
346,,,,,,1958
347,,,,,,1958
348,,,,,,1958
349,,,,,,1958
350,,,,,,1958
351,,,,,,1958
352,,,,,,1958
353,,,,,,1958
354,,,,,,1958
355,,,,,,1958
356,,,,,,1958
357,,,,,,1958
358,,,,,,1958
359,,,,,,1958
360,,,,,,1959
361,,,,,,1959
362,,,,,,1959
363,,,,,,1959
364,,,,,,1959
365,,,,,,1959
366,,,,,,1959
367,,,,,,1959
368,,,,,,1959
369,,,,,,1959
370,,,,,,1959
371,,,,,,1959
372,,,,,,1959
373,,,,,,1959
374,,,,,,1959
375,,,,,,1959
376,,,,,,1959
377,,,,,,1959
378,,,,,,1959
379,,,,,,1959
380,,,,,,1959
381,,,,,,1959
382,,,,,,1959
383,,,,,,1959
384,,,,,,1959
385,,,,,,1959
386,,,,,,1959
387,,,,,,1959
388,,,,,,1959
389,,,,,,1959
390,,,,,,1959
391,,,,,,1959
392,,,,,,1959
393,,,,,,1959
394,,,,,,1959
395,,,,,,1959
396,,,,,,1959
397,,,,,,1959
398,,,,,,1959
399,,,,,,1959
400,,,,,,1959
401,,,,,,1959
402,,,,,,1959
403,,,,,,1959
404,,,,,,1959
405,,,,,,1959
406,,,,,,1959
407,,,,,,1959
408,,,,,,1959
409,,,,,,1959
410,,,,,,1959
411,,,,,,1959
412,,,,,,1959
413,,,,,,1959
414,,,,,,1959
415,,,,,,1959
416,,,,,,1959
417,,,,,,1959
418,,,,,,1959
419,,,,,,1959
420,,,,,,1959
421,,,,,,1959
422,,,,,,1959
423,,,,,,1959
424,,,,,,1959
425,,,,,,1959
426,,,,,,1959
427,,,,,,1959
428,,,,,,1959
429,,,,,,1959
430,,,,,,1959
431,,,,,,1959
432,,,,,,1959
433,,,,,,1959
434,,,,,,1959
435,,,,,,1959
436,,,,,,1959
437,,,,,,1959
438,,,,,,1959
439,,,,,,1959
440,,,,,,1959
441,,,,,,1959
442,,,,,,1959
443,,,,,,1959
444,,,,,,1959
445,,,,,,1959
446,,,,,,1959
447,,,,,,1959
448,,,,,,1959
449,,,,,,1959
450,,,,,,1960
451,,,,,,1960
452,,,,,,1960
453,,,,,,1960
454,,,,,,1960
455,,,,,,1960
456,,,,,,1960
457,,,,,,1960
458,,,,,,1960
459,,,,,,1960
460,,,,,,1960
461,,,,,,1960
462,,,,,,1960
463,,,,,,1960
464,,,,,,1960
465,,,,,,1960
466,,,,,,1960
467,,,,,,1960
468,,,,,,1960
469,,,,,,1960
470,,,,,,1960
471,,,,,,1960
472,,,,,,1960
473,,,,,,1960
474,,,,,,1960
475,,,,,,1960
476,,,,,,1960
477,,,,,,1960
478,,,,,,1960
479,,,,,,1960
480,,,,,,1960
481,,,,,,1960
482,,,,,,1960
483,,,,,,1960
484,,,,,,1960
485,,,,,,1960
486,,,,,,1960
487,,,,,,1960
488,,,,,,1960
489,,,,,,1960
490,,,,,,1960
491,,,,,,1960
492,,,,,,1960
493,,,,,,1960
494,,,,,,1960
495,,,,,,1960
496,,,,,,1960
497,,,,,,1960
498,,,,,,1960
499,,,,,,1960
500,,,,,,1960
501,,,,,,1960
502,,,,,,1960
503,,,,,,1960
504,,,,,,1960
505,,,,,,1960
506,,,,,,1960
507,,,,,,1960
508,,,,,,1960
509,,,,,,1960
510,,,,,,1960
511,,,,,,1960
512,,,,,,1960
513,,,,,,1960
514,,,,,,1960
515,,,,,,1960
516,,,,,,1960
517,,,,,,1960
518,,,,,,1960
519,,,,,,1960
520,,,,,,1960
521,,,,,,1960
522,,,,,,1960
523,,,,,,1960
524,,,,,,1960
525,,,,,,1960
526,,,,,,1960
527,,,,,,1960
528,,,,,,1960
529,,,,,,1960
530,,,,,,1960
531,,,,,,1960
532,,,,,,1960
533,,,,,,1960
534,,,,,,1960
535,,,,,,1960
536,,,,,,1960
537,,,,,,1960
538,,,,,,1960
539,,,,,,1960
540,,,,,,1961
541,,,,,,1961
542,,,,,,1961
543,,,,,,1961
544,,,,,,1961
545,,,,,,1961
546,,,,,,1961
547,,,,,,1961
548,,,,,,1961
549,,,,,,1961
550,,,,,,1961
551,,,,,,1961
552,,,,,,1961
553,,,,,,1961
554,,,,,,1961
555,,,,,,1961
556,,,,,,1961
557,,,,,,1961
558,,,,,,1961
559,,,,,,1961
560,,,,,,1961
561,,,,,,1961
562,,,,,,1961
563,,,,,,1961
564,,,,,,1961
565,,,,,,1961
566,,,,,,1961
567,,,,,,1961
568,,,,,,1961
569,,,,,,1961
570,,,,,,1961
571,,,,,,1961
572,,,,,,1961
573,,,,,,1961
574,,,,,,1961
575,,,,,,1961
576,,,,,,1961
577,,,,,,1961
578,,,,,,1961
579,,,,,,1961
580,,,,,,1961
581,,,,,,1961
582,,,,,,1961
583,,,,,,1961
584,,,,,,1961
585,,,,,,1961
586,,,,,,1961
587,,,,,,1961
588,,,,,,1961
589,,,,,,1961
590,,,,,,1961
591,,,,,,1961
592,,,,,,1961
593,,,,,,1961
594,,,,,,1961
595,,,,,,1961
596,,,,,,1961
597,,,,,,1961
598,,,,,,1961
599,,,,,,1961
600,,,,,,1961
601,,,,,,1961
602,,,,,,1961
603,,,,,,1961
604,,,,,,1961
605,,,,,,1961
606,,,,,,1961
607,,,,,,1961
608,,,,,,1961
609,,,,,,1961
610,,,,,,1961
611,,,,,,1961
612,,,,,,1961
613,,,,,,1961
614,,,,,,1961
615,,,,,,1961
616,,,,,,1961
617,,,,,,1961
618,,,,,,1961
619,,,,,,1961
620,,,,,,1961
621,,,,,,1961
622,,,,,,1961
623,,,,,,1961
624,,,,,,1961
625,,,,,,1961
626,,,,,,1961
627,,,,,,1961
628,,,,,,1961
629,,,,,,1961
630,,,,,,1962
631,,,,,,1962
632,,,,,,1962
633,,,,,,1962
634,,,,,,1962
635,,,,,,1962
636,,,,,,1962
637,,,,,,1962
638,,,,,,1962
639,,,,,,1962
640,,,,,,1962
641,,,,,,1962
642,,,,,,1962
643,,,,,,1962
644,,,,,,1962
645,,,,,,1962
646,,,,,,1962
647,,,,,,1962
648,,,,,,1962
649,,,,,,1962
650,,,,,,1962
651,,,,,,1962
652,,,,,,1962
653,,,,,,1962
654,,,,,,1962
655,,,,,,1962
656,,,,,,1962
657,,,,,,1962
658,,,,,,1962
659,,,,,,1962
660,,,,,,1962
661,,,,,,1962
662,,,,,,1962
663,,,,,,1962
664,,,,,,1962
665,,,,,,1962
666,,,,,,1962
667,,,,,,1962
668,,,,,,1962
669,,,,,,1962
670,,,,,,1962
671,,,,,,1962
672,,,,,,1962
673,,,,,,1962
674,,,,,,1962
675,,,,,,1962
676,,,,,,1962
677,,,,,,1962
678,,,,,,1962
679,,,,,,1962
680,,,,,,1962
681,,,,,,1962
682,,,,,,1962
683,,,,,,1962
684,,,,,,1962
685,,,,,,1962
686,,,,,,1962
687,,,,,,1962
688,,,,,,1962
689,,,,,,1962
690,,,,,,1962
691,,,,,,1962
692,,,,,,1962
693,,,,,,1962
694,,,,,,1962
695,,,,,,1962
696,,,,,,1962
697,,,,,,1962
698,,,,,,1962
699,,,,,,1962
700,,,,,,1962
701,,,,,,1962
702,,,,,,1962
703,,,,,,1962
704,,,,,,1962
705,,,,,,1962
706,,,,,,1962
707,,,,,,1962
708,,,,,,1962
709,,,,,,1962
710,,,,,,1962
711,,,,,,1962
712,,,,,,1962
713,,,,,,1962
714,,,,,,1962
715,,,,,,1962
716,,,,,,1962
717,,,,,,1962
718,,,,,,1962
719,,,,,,1962
720,,,,,,1963
721,,,,,,1963
722,,,,,,1963
723,,,,,,1963
724,,,,,,1963
725,,,,,,1963
726,,,,,,1963
727,,,,,,1963
728,,,,,,1963
729,,,,,,1963
730,,,,,,1963
731,,,,,,1963
732,,,,,,1963
733,,,,,,1963
734,,,,,,1963
735,,,,,,1963
736,,,,,,1963
737,,,,,,1963
738,,,,,,1963
739,,,,,,1963
740,,,,,,1963
741,,,,,,1963
742,,,,,,1963
743,,,,,,1963
744,,,,,,1963
745,,,,,,1963
746,,,,,,1963
747,,,,,,1963
748,,,,,,1963
749,,,,,,1963
750,,,,,,1963
751,,,,,,1963
752,,,,,,1963
753,,,,,,1963
754,,,,,,1963
755,,,,,,1963
756,,,,,,1963
757,,,,,,1963
758,,,,,,1963
759,,,,,,1963
760,,,,,,1963
761,,,,,,1963
762,,,,,,1963
763,,,,,,1963
764,,,,,,1963
765,,,,,,1963
766,,,,,,1963
767,,,,,,1963
768,,,,,,1963
769,,,,,,1963
770,,,,,,1963
771,,,,,,1963
772,,,,,,1963
773,,,,,,1963
774,,,,,,1963
775,,,,,,1963
776,,,,,,1963
777,,,,,,1963
778,,,,,,1963
779,,,,,,1963
780,,,,,,1963
781,,,,,,1963
782,,,,,,1963
783,,,,,,1963
784,,,,,,1963
785,,,,,,1963
786,,,,,,1963
787,,,,,,1963
788,,,,,,1963
789,,,,,,1963
790,,,,,,1963
791,,,,,,1963
792,,,,,,1963
793,,,,,,1963
794,,,,,,1963
795,,,,,,1963
796,,,,,,1963
797,,,,,,1963
798,,,,,,1963
799,,,,,,1963
800,,,,,,1963
801,,,,,,1963
802,,,,,,1963
803,,,,,,1963
804,,,,,,1963
805,,,,,,1963
806,,,,,,1963
807,,,,,,1963
808,,,,,,1963
809,,,,,,1963
810,,,,,,1964
811,,,,,,1964
812,,,,,,1964
813,,,,,,1964
814,,,,,,1964
815,,,,,,1964
816,,,,,,1964
817,,,,,,1964
818,,,,,,1964
819,,,,,,1964
820,,,,,,1964
821,,,,,,1964
822,,,,,,1964
823,,,,,,1964
824,,,,,,1964
825,,,,,,1964
826,,,,,,1964
827,,,,,,1964
828,,,,,,1964
829,,,,,,1964
830,,,,,,1964
831,,,,,,1964
832,,,,,,1964
833,,,,,,1964
834,,,,,,1964
835,,,,,,1964
836,,,,,,1964
837,,,,,,1964
838,,,,,,1964
839,,,,,,1964
840,,,,,,1964
841,,,,,,1964
842,,,,,,1964
843,,,,,,1964
844,,,,,,1964
845,,,,,,1964
846,,,,,,1964
847,,,,,,1964
848,,,,,,1964
849,,,,,,1964
850,,,,,,1964
851,,,,,,1964
852,,,,,,1964
853,,,,,,1964
854,,,,,,1964
855,,,,,,1964
856,,,,,,1964
857,,,,,,1964
858,,,,,,1964
859,,,,,,1964
860,,,,,,1964
861,,,,,,1964
862,,,,,,1964
863,,,,,,1964
864,,,,,,1964
865,,,,,,1964
866,,,,,,1964
867,,,,,,1964
868,,,,,,1964
869,,,,,,1964
870,,,,,,1964
871,,,,,,1964
872,,,,,,1964
873,,,,,,1964
874,,,,,,1964
875,,,,,,1964
876,,,,,,1964
877,,,,,,1964
878,,,,,,1964
879,,,,,,1964
880,,,,,,1964
881,,,,,,1964
882,,,,,,1964
883,,,,,,1964
884,,,,,,1964
885,,,,,,1964
886,,,,,,1964
887,,,,,,1964
888,,,,,,1964
889,,,,,,1964
890,,,,,,1964
891,,,,,,1964
892,,,,,,1964
893,,,,,,1964
894,,,,,,1964
895,,,,,,1964
896,,,,,,1964
897,,,,,,1964
898,,,,,,1964
899,,,,,,1964
900,,,,,,1965
901,,,,,,1965
902,,,,,,1965
903,,,,,,1965
904,,,,,,1965
905,,,,,,1965
906,,,,,,1965
907,,,,,,1965
908,,,,,,1965
909,,,,,,1965
910,,,,,,1965
911,,,,,,1965
912,,,,,,1965
913,,,,,,1965
914,,,,,,1965
915,,,,,,1965
916,,,,,,1965
917,,,,,,1965
918,,,,,,1965
919,,,,,,1965
920,,,,,,1965
921,,,,,,1965
922,,,,,,1965
923,,,,,,1965
924,,,,,,1965
925,,,,,,1965
926,,,,,,1965
927,,,,,,1965
928,,,,,,1965
929,,,,,,1965
930,,,,,,1965
931,,,,,,1965
932,,,,,,1965
933,,,,,,1965
934,,,,,,1965
935,,,,,,1965
936,,,,,,1965
937,,,,,,1965
938,,,,,,1965
939,,,,,,1965
940,,,,,,1965
941,,,,,,1965
942,,,,,,1965
943,,,,,,1965
944,,,,,,1965
945,,,,,,1965
946,,,,,,1965
947,,,,,,1965
948,,,,,,1965
949,,,,,,1965
950,,,,,,1965
951,,,,,,1965
952,,,,,,1965
953,,,,,,1965
954,,,,,,1965
955,,,,,,1965
956,,,,,,1965
957,,,,,,1965
958,,,,,,1965
959,,,,,,1965
960,,,,,,1965
961,,,,,,1965
962,,,,,,1965
963,,,,,,1965
964,,,,,,1965
965,,,,,,1965
966,,,,,,1965
967,,,,,,1965
968,,,,,,1965
969,,,,,,1965
970,,,,,,1965
971,,,,,,1965
972,,,,,,1965
973,,,,,,1965
974,,,,,,1965
975,,,,,,1965
976,,,,,,1965
977,,,,,,1965
978,,,,,,1965
979,,,,,,1965
980,,,,,,1965
981,,,,,,1965
982,,,,,,1965
983,,,,,,1965
984,,,,,,1965
985,,,,,,1965
986,,,,,,1965
987,,,,,,1965
988,,,,,,1965
989,,,,,,1965
990,,,,,,1966
991,,,,,,1966
992,,,,,,1966
993,,,,,,1966
994,,,,,,1966
995,,,,,,1966
996,,,,,,1966
997,,,,,,1966
998,,,,,,1966
999,,,,,,1966
1000,,,,,,1966
1001,,,,,,1966
1002,,,,,,1966
1003,,,,,,1966
1004,,,,,,1966
1005,,,,,,1966
1006,,,,,,1966
1007,,,,,,1966
1008,,,,,,1966
1009,,,,,,1966
1010,,,,,,1966
1011,,,,,,1966
1012,,,,,,1966
1013,,,,,,1966
1014,,,,,,1966
1015,,,,,,1966
1016,,,,,,1966
1017,,,,,,1966
1018,,,,,,1966
1019,,,,,,1966
1020,,,,,,1966
1021,,,,,,1966
1022,,,,,,1966
1023,,,,,,1966
1024,,,,,,1966
1025,,,,,,1966
1026,,,,,,1966
1027,,,,,,1966
1028,,,,,,1966
1029,,,,,,1966
1030,,,,,,1966
1031,,,,,,1966
1032,,,,,,1966
1033,,,,,,1966
1034,,,,,,1966
1035,,,,,,1966
1036,,,,,,1966
1037,,,,,,1966
1038,,,,,,1966
1039,,,,,,1966
1040,,,,,,1966
1041,,,,,,1966
1042,,,,,,1966
1043,,,,,,1966
1044,,,,,,1966
1045,,,,,,1966
1046,,,,,,1966
1047,,,,,,1966
1048,,,,,,1966
1049,,,,,,1966
1050,,,,,,1966
1051,,,,,,1966
1052,,,,,,1966
1053,,,,,,1966
1054,,,,,,1966
1055,,,,,,1966
1056,,,,,,1966
1057,,,,,,1966
1058,,,,,,1966
1059,,,,,,1966
1060,,,,,,1966
1061,,,,,,1966
1062,,,,,,1966
1063,,,,,,1966
1064,,,,,,1966
1065,,,,,,1966
1066,,,,,,1966
1067,,,,,,1966
1068,,,,,,1966
1069,,,,,,1966
1070,,,,,,1966
1071,,,,,,1966
1072,,,,,,1966
1073,,,,,,1966
1074,,,,,,1966
1075,,,,,,1966
1076,,,,,,1966
1077,,,,,,1966
1078,,,,,,1966
1079,,,,,,1966
1080,,,,,,1967
1081,,,,,,1967
1082,,,,,,1967
1083,,,,,,1967
1084,,,,,,1967
1085,,,,,,1967
1086,,,,,,1967
1087,,,,,,1967
1088,,,,,,1967
1089,,,,,,1967
1090,,,,,,1967
1091,,,,,,1967
1092,,,,,,1967
1093,,,,,,1967
1094,,,,,,1967
1095,,,,,,1967
1096,,,,,,1967
1097,,,,,,1967
1098,,,,,,1967
1099,,,,,,1967
1100,,,,,,1967
1101,,,,,,1967
1102,,,,,,1967
1103,,,,,,1967
1104,,,,,,1967
1105,,,,,,1967
1106,,,,,,1967
1107,,,,,,1967
1108,,,,,,1967
1109,,,,,,1967
1110,,,,,,1967
1111,,,,,,1967
1112,,,,,,1967
1113,,,,,,1967
1114,,,,,,1967
1115,,,,,,1967
1116,,,,,,1967
1117,,,,,,1967
1118,,,,,,1967
1119,,,,,,1967
1120,,,,,,1967
1121,,,,,,1967
1122,,,,,,1967
1123,,,,,,1967
1124,,,,,,1967
1125,,,,,,1967
1126,,,,,,1967
1127,,,,,,1967
1128,,,,,,1967
1129,,,,,,1967
1130,,,,,,1967
1131,,,,,,1967
1132,,,,,,1967
1133,,,,,,1967
1134,,,,,,1967
1135,,,,,,1967
1136,,,,,,1967
1137,,,,,,1967
1138,,,,,,1967
1139,,,,,,1967
1140,,,,,,1967
1141,,,,,,1967
1142,,,,,,1967
1143,,,,,,1967
1144,,,,,,1967
1145,,,,,,1967
1146,,,,,,1967
1147,,,,,,1967
1148,,,,,,1967
1149,,,,,,1967
1150,,,,,,1967
1151,,,,,,1967
1152,,,,,,1967
1153,,,,,,1967
1154,,,,,,1967
1155,,,,,,1967
1156,,,,,,1967
1157,,,,,,1967
1158,,,,,,1967
1159,,,,,,1967
1160,,,,,,1967
1161,,,,,,1967
1162,,,,,,1967
1163,,,,,,1967
1164,,,,,,1967
1165,,,,,,1967
1166,,,,,,1967
1167,,,,,,1967
1168,,,,,,1967
1169,,,,,,1967
1170,,,,,,1968
1171,,,,,,1968
1172,,,,,,1968
1173,,,,,,1968
1174,,,,,,1968
1175,,,,,,1968
1176,,,,,,1968
1177,,,,,,1968
1178,,,,,,1968
1179,,,,,,1968
1180,,,,,,1968
1181,,,,,,1968
1182,,,,,,1968
1183,,,,,,1968
1184,,,,,,1968
1185,,,,,,1968
1186,,,,,,1968
1187,,,,,,1968
1188,,,,,,1968
1189,,,,,,1968
1190,,,,,,1968
1191,,,,,,1968
1192,,,,,,1968
1193,,,,,,1968
1194,,,,,,1968
1195,,,,,,1968
1196,,,,,,1968
1197,,,,,,1968
1198,,,,,,1968
1199,,,,,,1968
1200,,,,,,1968
1201,,,,,,1968
1202,,,,,,1968
1203,,,,,,1968
1204,,,,,,1968
1205,,,,,,1968
1206,,,,,,1968
1207,,,,,,1968
1208,,,,,,1968
1209,,,,,,1968
1210,,,,,,1968
1211,,,,,,1968
1212,,,,,,1968
1213,,,,,,1968
1214,,,,,,1968
1215,,,,,,1968
1216,,,,,,1968
1217,,,,,,1968
1218,,,,,,1968
1219,,,,,,1968
1220,,,,,,1968
1221,,,,,,1968
1222,,,,,,1968
1223,,,,,,1968
1224,,,,,,1968
1225,,,,,,1968
1226,,,,,,1968
1227,,,,,,1968
1228,,,,,,1968
1229,,,,,,1968
1230,,,,,,1968
1231,,,,,,1968
1232,,,,,,1968
1233,,,,,,1968
1234,,,,,,1968
1235,,,,,,1968
1236,,,,,,1968
1237,,,,,,1968
1238,,,,,,1968
1239,,,,,,1968
1240,,,,,,1968
1241,,,,,,1968
1242,,,,,,1968
1243,,,,,,1968
1244,,,,,,1968
1245,,,,,,1968
1246,,,,,,1968
1247,,,,,,1968
1248,,,,,,1968
1249,,,,,,1968
1250,,,,,,1968
1251,,,,,,1968
1252,,,,,,1968
1253,,,,,,1968
1254,,,,,,1968
1255,,,,,,1968
1256,,,,,,1968
1257,,,,,,1968
1258,,,,,,1968
1259,,,,,,1968
1260,,,,,,1969
1261,,,,,,1969
1262,,,,,,1969
1263,,,,,,1969
1264,,,,,,1969
1265,,,,,,1969
1266,,,,,,1969
1267,,,,,,1969
1268,,,,,,1969
1269,,,,,,1969
1270,,,,,,1969
1271,,,,,,1969
1272,,,,,,1969
1273,,,,,,1969
1274,,,,,,1969
1275,,,,,,1969
1276,,,,,,1969
1277,,,,,,1969
1278,,,,,,1969
1279,,,,,,1969
1280,,,,,,1969
1281,,,,,,1969
1282,,,,,,1969
1283,,,,,,1969
1284,,,,,,1969
1285,,,,,,1969
1286,,,,,,1969
1287,,,,,,1969
1288,,,,,,1969
1289,,,,,,1969
1290,,,,,,1969
1291,,,,,,1969
1292,,,,,,1969
1293,,,,,,1969
1294,,,,,,1969
1295,,,,,,1969
1296,,,,,,1969
1297,,,,,,1969
1298,,,,,,1969
1299,,,,,,1969
1300,,,,,,1969
1301,,,,,,1969
1302,,,,,,1969
1303,,,,,,1969
1304,,,,,,1969
1305,,,,,,1969
1306,,,,,,1969
1307,,,,,,1969
1308,,,,,,1969
1309,,,,,,1969
1310,,,,,,1969
1311,,,,,,1969
1312,,,,,,1969
1313,,,,,,1969
1314,,,,,,1969
1315,,,,,,1969
1316,,,,,,1969
1317,,,,,,1969
1318,,,,,,1969
1319,,,,,,1969
1320,,,,,,1969
1321,,,,,,1969
1322,,,,,,1969
1323,,,,,,1969
1324,,,,,,1969
1325,,,,,,1969
1326,,,,,,1969
1327,,,,,,1969
1328,,,,,,1969
1329,,,,,,1969
1330,,,,,,1969
1331,,,,,,1969
1332,,,,,,1969
1333,,,,,,1969
1334,,,,,,1969
1335,,,,,,1969
1336,,,,,,1969
1337,,,,,,1969
1338,,,,,,1969
1339,,,,,,1969
1340,,,,,,1969
1341,,,,,,1969
1342,,,,,,1969
1343,,,,,,1969
1344,,,,,,1969
1345,,,,,,1969
1346,,,,,,1969
1347,,,,,,1969
1348,,,,,,1969
1349,,,,,,1969
1350,,,,,,1970
1351,,,,,,1970
1352,,,,,,1970
1353,,,,,,1970
1354,,,,,,1970
1355,,,,,,1970
1356,,,,,,1970
1357,,,,,,1970
1358,,,,,,1970
1359,,,,,,1970
1360,,,,,,1970
1361,,,,,,1970
1362,,,,,,1970
1363,,,,,,1970
1364,,,,,,1970
1365,,,,,,1970
1366,,,,,,1970
1367,,,,,,1970
1368,,,,,,1970
1369,,,,,,1970
1370,,,,,,1970
1371,,,,,,1970
1372,,,,,,1970
1373,,,,,,1970
1374,,,,,,1970
1375,,,,,,1970
1376,,,,,,1970
1377,,,,,,1970
1378,,,,,,1970
1379,,,,,,1970
1380,,,,,,1970
1381,,,,,,1970
1382,,,,,,1970
1383,,,,,,1970
1384,,,,,,1970
1385,,,,,,1970
1386,,,,,,1970
1387,,,,,,1970
1388,,,,,,1970
1389,,,,,,1970
1390,,,,,,1970
1391,,,,,,1970
1392,,,,,,1970
1393,,,,,,1970
1394,,,,,,1970
1395,,,,,,1970
1396,,,,,,1970
1397,,,,,,1970
1398,,,,,,1970
1399,,,,,,1970
1400,,,,,,1970
1401,,,,,,1970
1402,,,,,,1970
1403,,,,,,1970
1404,,,,,,1970
1405,,,,,,1970
1406,,,,,,1970
1407,,,,,,1970
1408,,,,,,1970
1409,,,,,,1970
1410,,,,,,1970
1411,,,,,,1970
1412,,,,,,1970
1413,,,,,,1970
1414,,,,,,1970
1415,,,,,,1970
1416,,,,,,1970
1417,,,,,,1970
1418,,,,,,1970
1419,,,,,,1970
1420,,,,,,1970
1421,,,,,,1970
1422,,,,,,1970
1423,,,,,,1970
1424,,,,,,1970
1425,,,,,,1970
1426,,,,,,1970
1427,,,,,,1970
1428,,,,,,1970
1429,,,,,,1970
1430,,,,,,1970
1431,,,,,,1970
1432,,,,,,1970
1433,,,,,,1970
1434,,,,,,1970
1435,,,,,,1970
1436,,,,,,1970
1437,,,,,,1970
1438,,,,,,1970
1439,,,,,,1970
1440,,,,,,1971
1441,,,,,,1971
1442,,,,,,1971
1443,,,,,,1971
1444,,,,,,1971
1445,,,,,,1971
1446,,,,,,1971
1447,,,,,,1971
1448,,,,,,1971
1449,,,,,,1971
1450,,,,,,1971
1451,,,,,,1971
1452,,,,,,1971
1453,,,,,,1971
1454,,,,,,1971
1455,,,,,,1971
1456,,,,,,1971
1457,,,,,,1971
1458,,,,,,1971
1459,,,,,,1971
1460,,,,,,1971
1461,,,,,,1971
1462,,,,,,1971
1463,,,,,,1971
1464,,,,,,1971
1465,,,,,,1971
1466,,,,,,1971
1467,,,,,,1971
1468,,,,,,1971
1469,,,,,,1971
1470,,,,,,1971
1471,,,,,,1971
1472,,,,,,1971
1473,,,,,,1971
1474,,,,,,1971
1475,,,,,,1971
1476,,,,,,1971
1477,,,,,,1971
1478,,,,,,1971
1479,,,,,,1971
1480,,,,,,1971
1481,,,,,,1971
1482,,,,,,1971
1483,,,,,,1971
1484,,,,,,1971
1485,,,,,,1971
1486,,,,,,1971
1487,,,,,,1971
1488,,,,,,1971
1489,,,,,,1971
1490,,,,,,1971
1491,,,,,,1971
1492,,,,,,1971
1493,,,,,,1971
1494,,,,,,1971
1495,,,,,,1971
1496,,,,,,1971
1497,,,,,,1971
1498,,,,,,1971
1499,,,,,,1971
1500,,,,,,1971
1501,,,,,,1971
1502,,,,,,1971
1503,,,,,,1971
1504,,,,,,1971
1505,,,,,,1971
1506,,,,,,1971
1507,,,,,,1971
1508,,,,,,1971
1509,,,,,,1971
1510,,,,,,1971
1511,,,,,,1971
1512,,,,,,1971
1513,,,,,,1971
1514,,,,,,1971
1515,,,,,,1971
1516,,,,,,1971
1517,,,,,,1971
1518,,,,,,1971
1519,,,,,,1971
1520,,,,,,1971
1521,,,,,,1971
1522,,,,,,1971
1523,,,,,,1971
1524,,,,,,1971
1525,,,,,,1971
1526,,,,,,1971
1527,,,,,,1971
1528,,,,,,1971
1529,,,,,,1971
1530,,,,,,1972
1531,,,,,,1972
1532,,,,,,1972
1533,,,,,,1972
1534,,,,,,1972
1535,,,,,,1972
1536,,,,,,1972
1537,,,,,,1972
1538,,,,,,1972
1539,,,,,,1972
1540,,,,,,1972
1541,,,,,,1972
1542,,,,,,1972
1543,,,,,,1972
1544,,,,,,1972
1545,,,,,,1972
1546,,,,,,1972
1547,,,,,,1972
1548,,,,,,1972
1549,,,,,,1972
1550,,,,,,1972
1551,,,,,,1972
1552,,,,,,1972
1553,,,,,,1972
1554,,,,,,1972
1555,,,,,,1972
1556,,,,,,1972
1557,,,,,,1972
1558,,,,,,1972
1559,,,,,,1972
1560,,,,,,1972
1561,,,,,,1972
1562,,,,,,1972
1563,,,,,,1972
1564,,,,,,1972
1565,,,,,,1972
1566,,,,,,1972
1567,,,,,,1972
1568,,,,,,1972
1569,,,,,,1972
1570,,,,,,1972
1571,,,,,,1972
1572,,,,,,1972
1573,,,,,,1972
1574,,,,,,1972
1575,,,,,,1972
1576,,,,,,1972
1577,,,,,,1972
1578,,,,,,1972
1579,,,,,,1972
1580,,,,,,1972
1581,,,,,,1972
1582,,,,,,1972
1583,,,,,,1972
1584,,,,,,1972
1585,,,,,,1972
1586,,,,,,1972
1587,,,,,,1972
1588,,,,,,1972
1589,,,,,,1972
1590,,,,,,1972
1591,,,,,,1972
1592,,,,,,1972
1593,,,,,,1972
1594,,,,,,1972
1595,,,,,,1972
1596,,,,,,1972
1597,,,,,,1972
1598,,,,,,1972
1599,,,,,,1972
1600,,,,,,1972
1601,,,,,,1972
1602,,,,,,1972
1603,,,,,,1972
1604,,,,,,1972
1605,,,,,,1972
1606,,,,,,1972
1607,,,,,,1972
1608,,,,,,1972
1609,,,,,,1972
1610,,,,,,1972
1611,,,,,,1972
1612,,,,,,1972
1613,,,,,,1972
1614,,,,,,1972
1615,,,,,,1972
1616,,,,,,1972
1617,,,,,,1972
1618,,,,,,1972
1619,,,,,,1972
1620,,,,,,1973
1621,,,,,,1973
1622,,,,,,1973
1623,,,,,,1973
1624,,,,,,1973
1625,,,,,,1973
1626,,,,,,1973
1627,,,,,,1973
1628,,,,,,1973
1629,,,,,,1973
1630,,,,,,1973
1631,,,,,,1973
1632,,,,,,1973
1633,,,,,,1973
1634,,,,,,1973
1635,,,,,,1973
1636,,,,,,1973
1637,,,,,,1973
1638,,,,,,1973
1639,,,,,,1973
1640,,,,,,1973
1641,,,,,,1973
1642,,,,,,1973
1643,,,,,,1973
1644,,,,,,1973
1645,,,,,,1973
1646,,,,,,1973
1647,,,,,,1973
1648,,,,,,1973
1649,,,,,,1973
1650,,,,,,1973
1651,,,,,,1973
1652,,,,,,1973
1653,,,,,,1973
1654,,,,,,1973
1655,,,,,,1973
1656,,,,,,1973
1657,,,,,,1973
1658,,,,,,1973
1659,,,,,,1973
1660,,,,,,1973
1661,,,,,,1973
1662,,,,,,1973
1663,,,,,,1973
1664,,,,,,1973
1665,,,,,,1973
1666,,,,,,1973
1667,,,,,,1973
1668,,,,,,1973
1669,,,,,,1973
1670,,,,,,1973
1671,,,,,,1973
1672,,,,,,1973
1673,,,,,,1973
1674,,,,,,1973
1675,,,,,,1973
1676,,,,,,1973
1677,,,,,,1973
1678,,,,,,1973
1679,,,,,,1973
1680,,,,,,1973
1681,,,,,,1973
1682,,,,,,1973
1683,,,,,,1973
1684,,,,,,1973
1685,,,,,,1973
1686,,,,,,1973
1687,,,,,,1973
1688,,,,,,1973
1689,,,,,,1973
1690,,,,,,1973
1691,,,,,,1973
1692,,,,,,1973
1693,,,,,,1973
1694,,,,,,1973
1695,,,,,,1973
1696,,,,,,1973
1697,,,,,,1973
1698,,,,,,1973
1699,,,,,,1973
1700,,,,,,1973
1701,,,,,,1973
1702,,,,,,1973
1703,,,,,,1973
1704,,,,,,1973
1705,,,,,,1973
1706,,,,,,1973
1707,,,,,,1973
1708,,,,,,1973
1709,,,,,,1973
1710,,,,,,1974
1711,,,,,,1974
1712,,,,,,1974
1713,,,,,,1974
1714,,,,,,1974
1715,,,,,,1974
1716,,,,,,1974
1717,,,,,,1974
1718,,,,,,1974
1719,,,,,,1974
1720,,,,,,1974
1721,,,,,,1974
1722,,,,,,1974
1723,,,,,,1974
1724,,,,,,1974
1725,,,,,,1974
1726,,,,,,1974
1727,,,,,,1974
1728,,,,,,1974
1729,,,,,,1974
1730,,,,,,1974
1731,,,,,,1974
1732,,,,,,1974
1733,,,,,,1974
1734,,,,,,1974
1735,,,,,,1974
1736,,,,,,1974
1737,,,,,,1974
1738,,,,,,1974
1739,,,,,,1974
1740,,,,,,1974
1741,,,,,,1974
1742,,,,,,1974
1743,,,,,,1974
1744,,,,,,1974
1745,,,,,,1974
1746,,,,,,1974
1747,,,,,,1974
1748,,,,,,1974
1749,,,,,,1974
1750,,,,,,1974
1751,,,,,,1974
1752,,,,,,1974
1753,,,,,,1974
1754,,,,,,1974
1755,,,,,,1974
1756,,,,,,1974
1757,,,,,,1974
1758,,,,,,1974
1759,,,,,,1974
1760,,,,,,1974
1761,,,,,,1974
1762,,,,,,1974
1763,,,,,,1974
1764,,,,,,1974
1765,,,,,,1974
1766,,,,,,1974
1767,,,,,,1974
1768,,,,,,1974
1769,,,,,,1974
1770,,,,,,1974
1771,,,,,,1974
1772,,,,,,1974
1773,,,,,,1974
1774,,,,,,1974
1775,,,,,,1974
1776,,,,,,1974
1777,,,,,,1974
1778,,,,,,1974
1779,,,,,,1974
1780,,,,,,1974
1781,,,,,,1974
1782,,,,,,1974
1783,,,,,,1974
1784,,,,,,1974
1785,,,,,,1974
1786,,,,,,1974
1787,,,,,,1974
1788,,,,,,1974
1789,,,,,,1974
1790,,,,,,1974
1791,,,,,,1974
1792,,,,,,1974
1793,,,,,,1974
1794,,,,,,1974
1795,,,,,,1974
1796,,,,,,1974
1797,,,,,,1974
1798,,,,,,1974
1799,,,,,,1974
1800,,,,,,1975
1801,,,,,,1975
1802,,,,,,1975
1803,,,,,,1975
1804,,,,,,1975
1805,,,,,,1975
1806,,,,,,1975
1807,,,,,,1975
1808,,,,,,1975
1809,,,,,,1975
1810,,,,,,1975
1811,,,,,,1975
1812,,,,,,1975
1813,,,,,,1975
1814,,,,,,1975
1815,,,,,,1975
1816,,,,,,1975
1817,,,,,,1975
1818,,,,,,1975
1819,,,,,,1975
1820,,,,,,1975
1821,,,,,,1975
1822,,,,,,1975
1823,,,,,,1975
1824,,,,,,1975
1825,,,,,,1975
1826,,,,,,1975
1827,,,,,,1975
1828,,,,,,1975
1829,,,,,,1975
1830,,,,,,1975
1831,,,,,,1975
1832,,,,,,1975
1833,,,,,,1975
1834,,,,,,1975
1835,,,,,,1975
1836,,,,,,1975
1837,,,,,,1975
1838,,,,,,1975
1839,,,,,,1975
1840,,,,,,1975
1841,,,,,,1975
1842,,,,,,1975
1843,,,,,,1975
1844,,,,,,1975
1845,,,,,,1975
1846,,,,,,1975
1847,,,,,,1975
1848,,,,,,1975
1849,,,,,,1975
1850,,,,,,1975
1851,,,,,,1975
1852,,,,,,1975
1853,,,,,,1975
1854,,,,,,1975
1855,,,,,,1975
1856,,,,,,1975
1857,,,,,,1975
1858,,,,,,1975
1859,,,,,,1975
1860,,,,,,1975
1861,,,,,,1975
1862,,,,,,1975
1863,,,,,,1975
1864,,,,,,1975
1865,,,,,,1975
1866,,,,,,1975
1867,,,,,,1975
1868,,,,,,1975
1869,,,,,,1975
1870,,,,,,1975
1871,,,,,,1975
1872,,,,,,1975
1873,,,,,,1975
1874,,,,,,1975
1875,,,,,,1975
1876,,,,,,1975
1877,,,,,,1975
1878,,,,,,1975
1879,,,,,,1975
1880,,,,,,1975
1881,,,,,,1975
1882,,,,,,1975
1883,,,,,,1975
1884,,,,,,1975
1885,,,,,,1975
1886,,,,,,1975
1887,,,,,,1975
1888,,,,,,1975
1889,,,,,,1975
1890,,,,,,1976
1891,,,,,,1976
1892,,,,,,1976
1893,,,,,,1976
1894,,,,,,1976
1895,,,,,,1976
1896,,,,,,1976
1897,,,,,,1976
1898,,,,,,1976
1899,,,,,,1976
1900,,,,,,1976
1901,,,,,,1976
1902,,,,,,1976
1903,,,,,,1976
1904,,,,,,1976
1905,,,,,,1976
1906,,,,,,1976
1907,,,,,,1976
1908,,,,,,1976
1909,,,,,,1976
1910,,,,,,1976
1911,,,,,,1976
1912,,,,,,1976
1913,,,,,,1976
1914,,,,,,1976
1915,,,,,,1976
1916,,,,,,1976
1917,,,,,,1976
1918,,,,,,1976
1919,,,,,,1976
1920,,,,,,1976
1921,,,,,,1976
1922,,,,,,1976
1923,,,,,,1976
1924,,,,,,1976
1925,,,,,,1976
1926,,,,,,1976
1927,,,,,,1976
1928,,,,,,1976
1929,,,,,,1976
1930,,,,,,1976
1931,,,,,,1976
1932,,,,,,1976
1933,,,,,,1976
1934,,,,,,1976
1935,,,,,,1976
1936,,,,,,1976
1937,,,,,,1976
1938,,,,,,1976
1939,,,,,,1976
1940,,,,,,1976
1941,,,,,,1976
1942,,,,,,1976
1943,,,,,,1976
1944,,,,,,1976
1945,,,,,,1976
1946,,,,,,1976
1947,,,,,,1976
1948,,,,,,1976
1949,,,,,,1976
1950,,,,,,1976
1951,,,,,,1976
1952,,,,,,1976
1953,,,,,,1976
1954,,,,,,1976
1955,,,,,,1976
1956,,,,,,1976
1957,,,,,,1976
1958,,,,,,1976
1959,,,,,,1976
1960,,,,,,1976
1961,,,,,,1976
1962,,,,,,1976
1963,,,,,,1976
1964,,,,,,1976
1965,,,,,,1976
1966,,,,,,1976
1967,,,,,,1976
1968,,,,,,1976
1969,,,,,,1976
1970,,,,,,1976
1971,,,,,,1976
1972,,,,,,1976
1973,,,,,,1976
1974,,,,,,1976
1975,,,,,,1976
1976,,,,,,1976
1977,,,,,,1976
1978,,,,,,1976
1979,,,,,,1976
1980,,,,,,1977
1981,,,,,,1977
1982,,,,,,1977
1983,,,,,,1977
1984,,,,,,1977
1985,,,,,,1977
1986,,,,,,1977
1987,,,,,,1977
1988,,,,,,1977
1989,,,,,,1977
1990,,,,,,1977
1991,,,,,,1977
1992,,,,,,1977
1993,,,,,,1977
1994,,,,,,1977
1995,,,,,,1977
1996,,,,,,1977
1997,,,,,,1977
1998,,,,,,1977
1999,,,,,,1977
2000,,,,,,1977
2001,,,,,,1977
2002,,,,,,1977
2003,,,,,,1977
2004,,,,,,1977
2005,,,,,,1977
2006,,,,,,1977
2007,,,,,,1977
2008,,,,,,1977
2009,,,,,,1977
2010,,,,,,1977
2011,,,,,,1977
2012,,,,,,1977
2013,,,,,,1977
2014,,,,,,1977
2015,,,,,,1977
2016,,,,,,1977
2017,,,,,,1977
2018,,,,,,1977
2019,,,,,,1977
2020,,,,,,1977
2021,,,,,,1977
2022,,,,,,1977
2023,,,,,,1977
2024,,,,,,1977
2025,,,,,,1977
2026,,,,,,1977
2027,,,,,,1977
2028,,,,,,1977
2029,,,,,,1977
2030,,,,,,1977
2031,,,,,,1977
2032,,,,,,1977
2033,,,,,,1977
2034,,,,,,1977
2035,,,,,,1977
2036,,,,,,1977
2037,,,,,,1977
2038,,,,,,1977
2039,,,,,,1977
2040,,,,,,1977
2041,,,,,,1977
2042,,,,,,1977
2043,,,,,,1977
2044,,,,,,1977
2045,,,,,,1977
2046,,,,,,1977
2047,,,,,,1977
2048,,,,,,1977
2049,,,,,,1977
2050,,,,,,1977
2051,,,,,,1977
2052,,,,,,1977
2053,,,,,,1977
2054,,,,,,1977
2055,,,,,,1977
2056,,,,,,1977
2057,,,,,,1977
2058,,,,,,1977
2059,,,,,,1977
2060,,,,,,1977
2061,,,,,,1977
2062,,,,,,1977
2063,,,,,,1977
2064,,,,,,1977
2065,,,,,,1977
2066,,,,,,1977
2067,,,,,,1977
2068,,,,,,1977
2069,,,,,,1977
2070,,,,,,1978
2071,,,,,,1978
2072,,,,,,1978
2073,,,,,,1978
2074,,,,,,1978
2075,,,,,,1978
2076,,,,,,1978
2077,,,,,,1978
2078,,,,,,1978
2079,,,,,,1978
2080,,,,,,1978
2081,,,,,,1978
2082,,,,,,1978
2083,,,,,,1978
2084,,,,,,1978
2085,,,,,,1978
2086,,,,,,1978
2087,,,,,,1978
2088,,,,,,1978
2089,,,,,,1978
2090,,,,,,1978
2091,,,,,,1978
2092,,,,,,1978
2093,,,,,,1978
2094,,,,,,1978
2095,,,,,,1978
2096,,,,,,1978
2097,,,,,,1978
2098,,,,,,1978
2099,,,,,,1978
2100,,,,,,1978
2101,,,,,,1978
2102,,,,,,1978
2103,,,,,,1978
2104,,,,,,1978
2105,,,,,,1978
2106,,,,,,1978
2107,,,,,,1978
2108,,,,,,1978
2109,,,,,,1978
2110,,,,,,1978
2111,,,,,,1978
2112,,,,,,1978
2113,,,,,,1978
2114,,,,,,1978
2115,,,,,,1978
2116,,,,,,1978
2117,,,,,,1978
2118,,,,,,1978
2119,,,,,,1978
2120,,,,,,1978
2121,,,,,,1978
2122,,,,,,1978
2123,,,,,,1978
2124,,,,,,1978
2125,,,,,,1978
2126,,,,,,1978
2127,,,,,,1978
2128,,,,,,1978
2129,,,,,,1978
2130,,,,,,1978
2131,,,,,,1978
2132,,,,,,1978
2133,,,,,,1978
2134,,,,,,1978
2135,,,,,,1978
2136,,,,,,1978
2137,,,,,,1978
2138,,,,,,1978
2139,,,,,,1978
2140,,,,,,1978
2141,,,,,,1978
2142,,,,,,1978
2143,,,,,,1978
2144,,,,,,1978
2145,,,,,,1978
2146,,,,,,1978
2147,,,,,,1978
2148,,,,,,1978
2149,,,,,,1978
2150,,,,,,1978
2151,,,,,,1978
2152,,,,,,1978
2153,,,,,,1978
2154,,,,,,1978
2155,,,,,,1978
2156,,,,,,1978
2157,,,,,,1978
2158,,,,,,1978
2159,,,,,,1978
2160,,,,,,1979
2161,,,,,,1979
2162,,,,,,1979
2163,,,,,,1979
2164,,,,,,1979
2165,,,,,,1979
2166,,,,,,1979
2167,,,,,,1979
2168,,,,,,1979
2169,,,,,,1979
2170,,,,,,1979
2171,,,,,,1979
2172,,,,,,1979
2173,,,,,,1979
2174,,,,,,1979
2175,,,,,,1979
2176,,,,,,1979
2177,,,,,,1979
2178,,,,,,1979
2179,,,,,,1979
2180,,,,,,1979
2181,,,,,,1979
2182,,,,,,1979
2183,,,,,,1979
2184,,,,,,1979
2185,,,,,,1979
2186,,,,,,1979
2187,,,,,,1979
2188,,,,,,1979
2189,,,,,,1979
2190,,,,,,1979
2191,,,,,,1979
2192,,,,,,1979
2193,,,,,,1979
2194,,,,,,1979
2195,,,,,,1979
2196,,,,,,1979
2197,,,,,,1979
2198,,,,,,1979
2199,,,,,,1979
2200,,,,,,1979
2201,,,,,,1979
2202,,,,,,1979
2203,,,,,,1979
2204,,,,,,1979
2205,,,,,,1979
2206,,,,,,1979
2207,,,,,,1979
2208,,,,,,1979
2209,,,,,,1979
2210,,,,,,1979
2211,,,,,,1979
2212,,,,,,1979
2213,,,,,,1979
2214,,,,,,1979
2215,,,,,,1979
2216,,,,,,1979
2217,,,,,,1979
2218,,,,,,1979
2219,,,,,,1979
2220,,,,,,1979
2221,,,,,,1979
2222,,,,,,1979
2223,,,,,,1979
2224,,,,,,1979
2225,,,,,,1979
2226,,,,,,1979
2227,,,,,,1979
2228,,,,,,1979
2229,,,,,,1979
2230,,,,,,1979
2231,,,,,,1979
2232,,,,,,1979
2233,,,,,,1979
2234,,,,,,1979
2235,,,,,,1979
2236,,,,,,1979
2237,,,,,,1979
2238,,,,,,1979
2239,,,,,,1979
2240,,,,,,1979
2241,,,,,,1979
2242,,,,,,1979
2243,,,,,,1979
2244,,,,,,1979
2245,,,,,,1979
2246,,,,,,1979
2247,,,,,,1979
2248,,,,,,1979
2249,,,,,,1979
2250,,,,,,1980
2251,,,,,,1980
2252,,,,,,1980
2253,,,,,,1980
2254,,,,,,1980
2255,,,,,,1980
2256,,,,,,1980
2257,,,,,,1980
2258,,,,,,1980
2259,,,,,,1980
2260,,,,,,1980
2261,,,,,,1980
2262,,,,,,1980
2263,,,,,,1980
2264,,,,,,1980
2265,,,,,,1980
2266,,,,,,1980
2267,,,,,,1980
2268,,,,,,1980
2269,,,,,,1980
2270,,,,,,1980
2271,,,,,,1980
2272,,,,,,1980
2273,,,,,,1980
2274,,,,,,1980
2275,,,,,,1980
2276,,,,,,1980
2277,,,,,,1980
2278,,,,,,1980
2279,,,,,,1980
2280,,,,,,1980
2281,,,,,,1980
2282,,,,,,1980
2283,,,,,,1980
2284,,,,,,1980
2285,,,,,,1980
2286,,,,,,1980
2287,,,,,,1980
2288,,,,,,1980
2289,,,,,,1980
2290,,,,,,1980
2291,,,,,,1980
2292,,,,,,1980
2293,,,,,,1980
2294,,,,,,1980
2295,,,,,,1980
2296,,,,,,1980
2297,,,,,,1980
2298,,,,,,1980
2299,,,,,,1980
2300,,,,,,1980
2301,,,,,,1980
2302,,,,,,1980
2303,,,,,,1980
2304,,,,,,1980
2305,,,,,,1980
2306,,,,,,1980
2307,,,,,,1980
2308,,,,,,1980
2309,,,,,,1980
2310,,,,,,1980
2311,,,,,,1980
2312,,,,,,1980
2313,,,,,,1980
2314,,,,,,1980
2315,,,,,,1980
2316,,,,,,1980
2317,,,,,,1980
2318,,,,,,1980
2319,,,,,,1980
2320,,,,,,1980
2321,,,,,,1980
2322,,,,,,1980
2323,,,,,,1980
2324,,,,,,1980
2325,,,,,,1980
2326,,,,,,1980
2327,,,,,,1980
2328,,,,,,1980
2329,,,,,,1980
2330,,,,,,1980
2331,,,,,,1980
2332,,,,,,1980
2333,,,,,,1980
2334,,,,,,1980
2335,,,,,,1980
2336,,,,,,1980
2337,,,,,,1980
2338,,,,,,1980
2339,,,,,,1980
2340,,,,,,1981
2341,,,,,,1981
2342,,,,,,1981
2343,,,,,,1981
2344,,,,,,1981
2345,,,,,,1981
2346,,,,,,1981
2347,,,,,,1981
2348,,,,,,1981
2349,,,,,,1981
2350,,,,,,1981
2351,,,,,,1981
2352,,,,,,1981
2353,,,,,,1981
2354,,,,,,1981
2355,,,,,,1981
2356,,,,,,1981
2357,,,,,,1981
2358,,,,,,1981
2359,,,,,,1981
2360,,,,,,1981
2361,,,,,,1981
2362,,,,,,1981
2363,,,,,,1981
2364,,,,,,1981
2365,,,,,,1981
2366,,,,,,1981
2367,,,,,,1981
2368,,,,,,1981
2369,,,,,,1981
2370,,,,,,1981
2371,,,,,,1981
2372,,,,,,1981
2373,,,,,,1981
2374,,,,,,1981
2375,,,,,,1981
2376,,,,,,1981
2377,,,,,,1981
2378,,,,,,1981
2379,,,,,,1981
2380,,,,,,1981
2381,,,,,,1981
2382,,,,,,1981
2383,,,,,,1981
2384,,,,,,1981
2385,,,,,,1981
2386,,,,,,1981
2387,,,,,,1981
2388,,,,,,1981
2389,,,,,,1981
2390,,,,,,1981
2391,,,,,,1981
2392,,,,,,1981
2393,,,,,,1981
2394,,,,,,1981
2395,,,,,,1981
2396,,,,,,1981
2397,,,,,,1981
2398,,,,,,1981
2399,,,,,,1981
2400,,,,,,1981
2401,,,,,,1981
2402,,,,,,1981
2403,,,,,,1981
2404,,,,,,1981
2405,,,,,,1981
2406,,,,,,1981
2407,,,,,,1981
2408,,,,,,1981
2409,,,,,,1981
2410,,,,,,1981
2411,,,,,,1981
2412,,,,,,1981
2413,,,,,,1981
2414,,,,,,1981
2415,,,,,,1981
2416,,,,,,1981
2417,,,,,,1981
2418,,,,,,1981
2419,,,,,,1981
2420,,,,,,1981
2421,,,,,,1981
2422,,,,,,1981
2423,,,,,,1981
2424,,,,,,1981
2425,,,,,,1981
2426,,,,,,1981
2427,,,,,,1981
2428,,,,,,1981
2429,,,,,,1981
2430,,,,,,1982
2431,,,,,,1982
2432,,,,,,1982
2433,,,,,,1982
2434,,,,,,1982
2435,,,,,,1982
2436,,,,,,1982
2437,,,,,,1982
2438,,,,,,1982
2439,,,,,,1982
2440,,,,,,1982
2441,,,,,,1982
2442,,,,,,1982
2443,,,,,,1982
2444,,,,,,1982
2445,,,,,,1982
2446,,,,,,1982
2447,,,,,,1982
2448,,,,,,1982
2449,,,,,,1982
2450,,,,,,1982
2451,,,,,,1982
2452,,,,,,1982
2453,,,,,,1982
2454,,,,,,1982
2455,,,,,,1982
2456,,,,,,1982
2457,,,,,,1982
2458,,,,,,1982
2459,,,,,,1982
2460,,,,,,1982
2461,,,,,,1982
2462,,,,,,1982
2463,,,,,,1982
2464,,,,,,1982
2465,,,,,,1982
2466,,,,,,1982
2467,,,,,,1982
2468,,,,,,1982
2469,,,,,,1982
2470,,,,,,1982
2471,,,,,,1982
2472,,,,,,1982
2473,,,,,,1982
2474,,,,,,1982
2475,,,,,,1982
2476,,,,,,1982
2477,,,,,,1982
2478,,,,,,1982
2479,,,,,,1982
2480,,,,,,1982
2481,,,,,,1982
2482,,,,,,1982
2483,,,,,,1982
2484,,,,,,1982
2485,,,,,,1982
2486,,,,,,1982
2487,,,,,,1982
2488,,,,,,1982
2489,,,,,,1982
2490,,,,,,1982
2491,,,,,,1982
2492,,,,,,1982
2493,,,,,,1982
2494,,,,,,1982
2495,,,,,,1982
2496,,,,,,1982
2497,,,,,,1982
2498,,,,,,1982
2499,,,,,,1982
2500,,,,,,1982
2501,,,,,,1982
2502,,,,,,1982
2503,,,,,,1982
2504,,,,,,1982
2505,,,,,,1982
2506,,,,,,1982
2507,,,,,,1982
2508,,,,,,1982
2509,,,,,,1982
2510,,,,,,1982
2511,,,,,,1982
2512,,,,,,1982
2513,,,,,,1982
2514,,,,,,1982
2515,,,,,,1982
2516,,,,,,1982
2517,,,,,,1982
2518,,,,,,1982
2519,,,,,,1982
2520,,,,,,1983
2521,,,,,,1983
2522,,,,,,1983
2523,,,,,,1983
2524,,,,,,1983
2525,,,,,,1983
2526,,,,,,1983
2527,,,,,,1983
2528,,,,,,1983
2529,,,,,,1983
2530,,,,,,1983
2531,,,,,,1983
2532,,,,,,1983
2533,,,,,,1983
2534,,,,,,1983
2535,,,,,,1983
2536,,,,,,1983
2537,,,,,,1983
2538,,,,,,1983
2539,,,,,,1983
2540,,,,,,1983
2541,,,,,,1983
2542,,,,,,1983
2543,,,,,,1983
2544,,,,,,1983
2545,,,,,,1983
2546,,,,,,1983
2547,,,,,,1983
2548,,,,,,1983
2549,,,,,,1983
2550,,,,,,1983
2551,,,,,,1983
2552,,,,,,1983
2553,,,,,,1983
2554,,,,,,1983
2555,,,,,,1983
2556,,,,,,1983
2557,,,,,,1983
2558,,,,,,1983
2559,,,,,,1983
2560,,,,,,1983
2561,,,,,,1983
2562,,,,,,1983
2563,,,,,,1983
2564,,,,,,1983
2565,,,,,,1983
2566,,,,,,1983
2567,,,,,,1983
2568,,,,,,1983
2569,,,,,,1983
2570,,,,,,1983
2571,,,,,,1983
2572,,,,,,1983
2573,,,,,,1983
2574,,,,,,1983
2575,,,,,,1983
2576,,,,,,1983
2577,,,,,,1983
2578,,,,,,1983
2579,,,,,,1983
2580,,,,,,1983
2581,,,,,,1983
2582,,,,,,1983
2583,,,,,,1983
2584,,,,,,1983
2585,,,,,,1983
2586,,,,,,1983
2587,,,,,,1983
2588,,,,,,1983
2589,,,,,,1983
2590,,,,,,1983
2591,,,,,,1983
2592,,,,,,1983
2593,,,,,,1983
2594,,,,,,1983
2595,,,,,,1983
2596,,,,,,1983
2597,,,,,,1983
2598,,,,,,1983
2599,,,,,,1983
2600,,,,,,1983
2601,,,,,,1983
2602,,,,,,1983
2603,,,,,,1983
2604,,,,,,1983
2605,,,,,,1983
2606,,,,,,1983
2607,,,,,,1983
2608,,,,,,1983
2609,,,,,,1983
2610,,,,,,1984
2611,,,,,,1984
2612,,,,,,1984
2613,,,,,,1984
2614,,,,,,1984
2615,,,,,,1984
2616,,,,,,1984
2617,,,,,,1984
2618,,,,,,1984
2619,,,,,,1984
2620,,,,,,1984
2621,,,,,,1984
2622,,,,,,1984
2623,,,,,,1984
2624,,,,,,1984
2625,,,,,,1984
2626,,,,,,1984
2627,,,,,,1984
2628,,,,,,1984
2629,,,,,,1984
2630,,,,,,1984
2631,,,,,,1984
2632,,,,,,1984
2633,,,,,,1984
2634,,,,,,1984
2635,,,,,,1984
2636,,,,,,1984
2637,,,,,,1984
2638,,,,,,1984
2639,,,,,,1984
2640,,,,,,1984
2641,,,,,,1984
2642,,,,,,1984
2643,,,,,,1984
2644,,,,,,1984
2645,,,,,,1984
2646,,,,,,1984
2647,,,,,,1984
2648,,,,,,1984
2649,,,,,,1984
2650,,,,,,1984
2651,,,,,,1984
2652,,,,,,1984
2653,,,,,,1984
2654,,,,,,1984
2655,,,,,,1984
2656,,,,,,1984
2657,,,,,,1984
2658,,,,,,1984
2659,,,,,,1984
2660,,,,,,1984
2661,,,,,,1984
2662,,,,,,1984
2663,,,,,,1984
2664,,,,,,1984
2665,,,,,,1984
2666,,,,,,1984
2667,,,,,,1984
2668,,,,,,1984
2669,,,,,,1984
2670,,,,,,1984
2671,,,,,,1984
2672,,,,,,1984
2673,,,,,,1984
2674,,,,,,1984
2675,,,,,,1984
2676,,,,,,1984
2677,,,,,,1984
2678,,,,,,1984
2679,,,,,,1984
2680,,,,,,1984
2681,,,,,,1984
2682,,,,,,1984
2683,,,,,,1984
2684,,,,,,1984
2685,,,,,,1984
2686,,,,,,1984
2687,,,,,,1984
2688,,,,,,1984
2689,,,,,,1984
2690,,,,,,1984
2691,,,,,,1984
2692,,,,,,1984
2693,,,,,,1984
2694,,,,,,1984
2695,,,,,,1984
2696,,,,,,1984
2697,,,,,,1984
2698,,,,,,1984
2699,,,,,,1984
2700,,,,,,1985
2701,,,,,,1985
2702,,,,,,1985
2703,,,,,,1985
2704,,,,,,1985
2705,,,,,,1985
2706,,,,,,1985
2707,,,,,,1985
2708,,,,,,1985
2709,,,,,,1985
2710,,,,,,1985
2711,,,,,,1985
2712,,,,,,1985
2713,,,,,,1985
2714,,,,,,1985
2715,,,,,,1985
2716,,,,,,1985
2717,,,,,,1985
2718,,,,,,1985
2719,,,,,,1985
2720,,,,,,1985
2721,,,,,,1985
2722,,,,,,1985
2723,,,,,,1985
2724,,,,,,1985
2725,,,,,,1985
2726,,,,,,1985
2727,,,,,,1985
2728,,,,,,1985
2729,,,,,,1985
2730,,,,,,1985
2731,,,,,,1985
2732,,,,,,1985
2733,,,,,,1985
2734,,,,,,1985
2735,,,,,,1985
2736,,,,,,1985
2737,,,,,,1985
2738,,,,,,1985
2739,,,,,,1985
2740,,,,,,1985
2741,,,,,,1985
2742,,,,,,1985
2743,,,,,,1985
2744,,,,,,1985
2745,,,,,,1985
2746,,,,,,1985
2747,,,,,,1985
2748,,,,,,1985
2749,,,,,,1985
2750,,,,,,1985
2751,,,,,,1985
2752,,,,,,1985
2753,,,,,,1985
2754,,,,,,1985
2755,,,,,,1985
2756,,,,,,1985
2757,,,,,,1985
2758,,,,,,1985
2759,,,,,,1985
2760,,,,,,1985
2761,,,,,,1985
2762,,,,,,1985
2763,,,,,,1985
2764,,,,,,1985
2765,,,,,,1985
2766,,,,,,1985
2767,,,,,,1985
2768,,,,,,1985
2769,,,,,,1985
2770,,,,,,1985
2771,,,,,,1985
2772,,,,,,1985
2773,,,,,,1985
2774,,,,,,1985
2775,,,,,,1985
2776,,,,,,1985
2777,,,,,,1985
2778,,,,,,1985
2779,,,,,,1985
2780,,,,,,1985
2781,,,,,,1985
2782,,,,,,1985
2783,,,,,,1985
2784,,,,,,1985
2785,,,,,,1985
2786,,,,,,1985
2787,,,,,,1985
2788,,,,,,1985
2789,,,,,,1985
2790,,,,,,1986
2791,,,,,,1986
2792,,,,,,1986
2793,,,,,,1986
2794,,,,,,1986
2795,,,,,,1986
2796,,,,,,1986
2797,,,,,,1986
2798,,,,,,1986
2799,,,,,,1986
2800,,,,,,1986
2801,,,,,,1986
2802,,,,,,1986
2803,,,,,,1986
2804,,,,,,1986
2805,,,,,,1986
2806,,,,,,1986
2807,,,,,,1986
2808,,,,,,1986
2809,,,,,,1986
2810,,,,,,1986
2811,,,,,,1986
2812,,,,,,1986
2813,,,,,,1986
2814,,,,,,1986
2815,,,,,,1986
2816,,,,,,1986
2817,,,,,,1986
2818,,,,,,1986
2819,,,,,,1986
2820,,,,,,1986
2821,,,,,,1986
2822,,,,,,1986
2823,,,,,,1986
2824,,,,,,1986
2825,,,,,,1986
2826,,,,,,1986
2827,,,,,,1986
2828,,,,,,1986
2829,,,,,,1986
2830,,,,,,1986
2831,,,,,,1986
2832,,,,,,1986
2833,,,,,,1986
2834,,,,,,1986
2835,,,,,,1986
2836,,,,,,1986
2837,,,,,,1986
2838,,,,,,1986
2839,,,,,,1986
2840,,,,,,1986
2841,,,,,,1986
2842,,,,,,1986
2843,,,,,,1986
2844,,,,,,1986
2845,,,,,,1986
2846,,,,,,1986
2847,,,,,,1986
2848,,,,,,1986
2849,,,,,,1986
2850,,,,,,1986
2851,,,,,,1986
2852,,,,,,1986
2853,,,,,,1986
2854,,,,,,1986
2855,,,,,,1986
2856,,,,,,1986
2857,,,,,,1986
2858,,,,,,1986
2859,,,,,,1986
2860,,,,,,1986
2861,,,,,,1986
2862,,,,,,1986
2863,,,,,,1986
2864,,,,,,1986
2865,,,,,,1986
2866,,,,,,1986
2867,,,,,,1986
2868,,,,,,1986
2869,,,,,,1986
2870,,,,,,1986
2871,,,,,,1986
2872,,,,,,1986
2873,,,,,,1986
2874,,,,,,1986
2875,,,,,,1986
2876,,,,,,1986
2877,,,,,,1986
2878,,,,,,1986
2879,,,,,,1986
2880,,,,,,1987
2881,,,,,,1987
2882,,,,,,1987
2883,,,,,,1987
2884,,,,,,1987
2885,,,,,,1987
2886,,,,,,1987
2887,,,,,,1987
2888,,,,,,1987
2889,,,,,,1987
2890,,,,,,1987
2891,,,,,,1987
2892,,,,,,1987
2893,,,,,,1987
2894,,,,,,1987
2895,,,,,,1987
2896,,,,,,1987
2897,,,,,,1987
2898,,,,,,1987
2899,,,,,,1987
2900,,,,,,1987
2901,,,,,,1987
2902,,,,,,1987
2903,,,,,,1987
2904,,,,,,1987
2905,,,,,,1987
2906,,,,,,1987
2907,,,,,,1987
2908,,,,,,1987
2909,,,,,,1987
2910,,,,,,1987
2911,,,,,,1987
2912,,,,,,1987
2913,,,,,,1987
2914,,,,,,1987
2915,,,,,,1987
2916,,,,,,1987
2917,,,,,,1987
2918,,,,,,1987
2919,,,,,,1987
2920,,,,,,1987
2921,,,,,,1987
2922,,,,,,1987
2923,,,,,,1987
2924,,,,,,1987
2925,,,,,,1987
2926,,,,,,1987
2927,,,,,,1987
2928,,,,,,1987
2929,,,,,,1987
2930,,,,,,1987
2931,,,,,,1987
2932,,,,,,1987
2933,,,,,,1987
2934,,,,,,1987
2935,,,,,,1987
2936,,,,,,1987
2937,,,,,,1987
2938,,,,,,1987
2939,,,,,,1987
2940,,,,,,1987
2941,,,,,,1987
2942,,,,,,1987
2943,,,,,,1987
2944,,,,,,1987
2945,,,,,,1987
2946,,,,,,1987
2947,,,,,,1987
2948,,,,,,1987
2949,,,,,,1987
2950,,,,,,1987
2951,,,,,,1987
2952,,,,,,1987
2953,,,,,,1987
2954,,,,,,1987
2955,,,,,,1987
2956,,,,,,1987
2957,,,,,,1987
2958,,,,,,1987
2959,,,,,,1987
2960,,,,,,1987
2961,,,,,,1987
2962,,,,,,1987
2963,,,,,,1987
2964,,,,,,1987
2965,,,,,,1987
2966,,,,,,1987
2967,,,,,,1987
2968,,,,,,1987
2969,,,,,,1987
2970,,,,,,1988
2971,,,,,,1988
2972,,,,,,1988
2973,,,,,,1988
2974,,,,,,1988
2975,,,,,,1988
2976,,,,,,1988
2977,,,,,,1988
2978,,,,,,1988
2979,,,,,,1988
2980,,,,,,1988
2981,,,,,,1988
2982,,,,,,1988
2983,,,,,,1988
2984,,,,,,1988
2985,,,,,,1988
2986,,,,,,1988
2987,,,,,,1988
2988,,,,,,1988
2989,,,,,,1988
2990,,,,,,1988
2991,,,,,,1988
2992,,,,,,1988
2993,,,,,,1988
2994,,,,,,1988
2995,,,,,,1988
2996,,,,,,1988
2997,,,,,,1988
2998,,,,,,1988
2999,,,,,,1988
3000,,,,,,1988
3001,,,,,,1988
3002,,,,,,1988
3003,,,,,,1988
3004,,,,,,1988
3005,,,,,,1988
3006,,,,,,1988
3007,,,,,,1988
3008,,,,,,1988
3009,,,,,,1988
3010,,,,,,1988
3011,,,,,,1988
3012,,,,,,1988
3013,,,,,,1988
3014,,,,,,1988
3015,,,,,,1988
3016,,,,,,1988
3017,,,,,,1988
3018,,,,,,1988
3019,,,,,,1988
3020,,,,,,1988
3021,,,,,,1988
3022,,,,,,1988
3023,,,,,,1988
3024,,,,,,1988
3025,,,,,,1988
3026,,,,,,1988
3027,,,,,,1988
3028,,,,,,1988
3029,,,,,,1988
3030,,,,,,1988
3031,,,,,,1988
3032,,,,,,1988
3033,,,,,,1988
3034,,,,,,1988
3035,,,,,,1988
3036,,,,,,1988
3037,,,,,,1988
3038,,,,,,1988
3039,,,,,,1988
3040,,,,,,1988
3041,,,,,,1988
3042,,,,,,1988
3043,,,,,,1988
3044,,,,,,1988
3045,,,,,,1988
3046,,,,,,1988
3047,,,,,,1988
3048,,,,,,1988
3049,,,,,,1988
3050,,,,,,1988
3051,,,,,,1988
3052,,,,,,1988
3053,,,,,,1988
3054,,,,,,1988
3055,,,,,,1988
3056,,,,,,1988
3057,,,,,,1988
3058,,,,,,1988
3059,,,,,,1988
3060,,,,,,1989
3061,,,,,,1989
3062,,,,,,1989
3063,,,,,,1989
3064,,,,,,1989
3065,,,,,,1989
3066,,,,,,1989
3067,,,,,,1989
3068,,,,,,1989
3069,,,,,,1989
3070,,,,,,1989
3071,,,,,,1989
3072,,,,,,1989
3073,,,,,,1989
3074,,,,,,1989
3075,,,,,,1989
3076,,,,,,1989
3077,,,,,,1989
3078,,,,,,1989
3079,,,,,,1989
3080,,,,,,1989
3081,,,,,,1989
3082,,,,,,1989
3083,,,,,,1989
3084,,,,,,1989
3085,,,,,,1989
3086,,,,,,1989
3087,,,,,,1989
3088,,,,,,1989
3089,,,,,,1989
3090,,,,,,1989
3091,,,,,,1989
3092,,,,,,1989
3093,,,,,,1989
3094,,,,,,1989
3095,,,,,,1989
3096,,,,,,1989
3097,,,,,,1989
3098,,,,,,1989
3099,,,,,,1989
3100,,,,,,1989
3101,,,,,,1989
3102,,,,,,1989
3103,,,,,,1989
3104,,,,,,1989
3105,,,,,,1989
3106,,,,,,1989
3107,,,,,,1989
3108,,,,,,1989
3109,,,,,,1989
3110,,,,,,1989
3111,,,,,,1989
3112,,,,,,1989
3113,,,,,,1989
3114,,,,,,1989
3115,,,,,,1989
3116,,,,,,1989
3117,,,,,,1989
3118,,,,,,1989
3119,,,,,,1989
3120,,,,,,1989
3121,,,,,,1989
3122,,,,,,1989
3123,,,,,,1989
3124,,,,,,1989
3125,,,,,,1989
3126,,,,,,1989
3127,,,,,,1989
3128,,,,,,1989
3129,,,,,,1989
3130,,,,,,1989
3131,,,,,,1989
3132,,,,,,1989
3133,,,,,,1989
3134,,,,,,1989
3135,,,,,,1989
3136,,,,,,1989
3137,,,,,,1989
3138,,,,,,1989
3139,,,,,,1989
3140,,,,,,1989
3141,,,,,,1989
3142,,,,,,1989
3143,,,,,,1989
3144,,,,,,1989
3145,,,,,,1989
3146,,,,,,1989
3147,,,,,,1989
3148,,,,,,1989
3149,,,,,,1989
3150,,,,,,1990
3151,,,,,,1990
3152,,,,,,1990
3153,,,,,,1990
3154,,,,,,1990
3155,,,,,,1990
3156,,,,,,1990
3157,,,,,,1990
3158,,,,,,1990
3159,,,,,,1990
3160,,,,,,1990
3161,,,,,,1990
3162,,,,,,1990
3163,,,,,,1990
3164,,,,,,1990
3165,,,,,,1990
3166,,,,,,1990
3167,,,,,,1990
3168,,,,,,1990
3169,,,,,,1990
3170,,,,,,1990
3171,,,,,,1990
3172,,,,,,1990
3173,,,,,,1990
3174,,,,,,1990
3175,,,,,,1990
3176,,,,,,1990
3177,,,,,,1990
3178,,,,,,1990
3179,,,,,,1990
3180,,,,,,1990
3181,,,,,,1990
3182,,,,,,1990
3183,,,,,,1990
3184,,,,,,1990
3185,,,,,,1990
3186,,,,,,1990
3187,,,,,,1990
3188,,,,,,1990
3189,,,,,,1990
3190,,,,,,1990
3191,,,,,,1990
3192,,,,,,1990
3193,,,,,,1990
3194,,,,,,1990
3195,,,,,,1990
3196,,,,,,1990
3197,,,,,,1990
3198,,,,,,1990
3199,,,,,,1990
3200,,,,,,1990
3201,,,,,,1990
3202,,,,,,1990
3203,,,,,,1990
3204,,,,,,1990
3205,,,,,,1990
3206,,,,,,1990
3207,,,,,,1990
3208,,,,,,1990
3209,,,,,,1990
3210,,,,,,1990
3211,,,,,,1990
3212,,,,,,1990
3213,,,,,,1990
3214,,,,,,1990
3215,,,,,,1990
3216,,,,,,1990
3217,,,,,,1990
3218,,,,,,1990
3219,,,,,,1990
3220,,,,,,1990
3221,,,,,,1990
3222,,,,,,1990
3223,,,,,,1990
3224,,,,,,1990
3225,,,,,,1990
3226,,,,,,1990
3227,,,,,,1990
3228,,,,,,1990
3229,,,,,,1990
3230,,,,,,1990
3231,,,,,,1990
3232,,,,,,1990
3233,,,,,,1990
3234,,,,,,1990
3235,,,,,,1990
3236,,,,,,1990
3237,,,,,,1990
3238,,,,,,1990
3239,,,,,,1990
3240,,,,,,1991
3241,,,,,,1991
3242,,,,,,1991
3243,,,,,,1991
3244,,,,,,1991
3245,,,,,,1991
3246,,,,,,1991
3247,,,,,,1991
3248,,,,,,1991
3249,,,,,,1991
3250,,,,,,1991
3251,,,,,,1991
3252,,,,,,1991
3253,,,,,,1991
3254,,,,,,1991
3255,,,,,,1991
3256,,,,,,1991
3257,,,,,,1991
3258,,,,,,1991
3259,,,,,,1991
3260,,,,,,1991
3261,,,,,,1991
3262,,,,,,1991
3263,,,,,,1991
3264,,,,,,1991
3265,,,,,,1991
3266,,,,,,1991
3267,,,,,,1991
3268,,,,,,1991
3269,,,,,,1991
3270,,,,,,1991
3271,,,,,,1991
3272,,,,,,1991
3273,,,,,,1991
3274,,,,,,1991
3275,,,,,,1991
3276,,,,,,1991
3277,,,,,,1991
3278,,,,,,1991
3279,,,,,,1991
3280,,,,,,1991
3281,,,,,,1991
3282,,,,,,1991
3283,,,,,,1991
3284,,,,,,1991
3285,,,,,,1991
3286,,,,,,1991
3287,,,,,,1991
3288,,,,,,1991
3289,,,,,,1991
3290,,,,,,1991
3291,,,,,,1991
3292,,,,,,1991
3293,,,,,,1991
3294,,,,,,1991
3295,,,,,,1991
3296,,,,,,1991
3297,,,,,,1991
3298,,,,,,1991
3299,,,,,,1991
3300,,,,,,1991
3301,,,,,,1991
3302,,,,,,1991
3303,,,,,,1991
3304,,,,,,1991
3305,,,,,,1991
3306,,,,,,1991
3307,,,,,,1991
3308,,,,,,1991
3309,,,,,,1991
3310,,,,,,1991
3311,,,,,,1991
3312,,,,,,1991
3313,,,,,,1991
3314,,,,,,1991
3315,,,,,,1991
3316,,,,,,1991
3317,,,,,,1991
3318,,,,,,1991
3319,,,,,,1991
3320,,,,,,1991
3321,,,,,,1991
3322,,,,,,1991
3323,,,,,,1991
3324,,,,,,1991
3325,,,,,,1991
3326,,,,,,1991
3327,,,,,,1991
3328,,,,,,1991
3329,,,,,,1991
3330,,,,,,1992
3331,,,,,,1992
3332,,,,,,1992
3333,,,,,,1992
3334,,,,,,1992
3335,,,,,,1992
3336,,,,,,1992
3337,,,,,,1992
3338,,,,,,1992
3339,,,,,,1992
3340,,,,,,1992
3341,,,,,,1992
3342,,,,,,1992
3343,,,,,,1992
3344,,,,,,1992
3345,,,,,,1992
3346,,,,,,1992
3347,,,,,,1992
3348,,,,,,1992
3349,,,,,,1992
3350,,,,,,1992
3351,,,,,,1992
3352,,,,,,1992
3353,,,,,,1992
3354,,,,,,1992
3355,,,,,,1992
3356,,,,,,1992
3357,,,,,,1992
3358,,,,,,1992
3359,,,,,,1992
3360,,,,,,1992
3361,,,,,,1992
3362,,,,,,1992
3363,,,,,,1992
3364,,,,,,1992
3365,,,,,,1992
3366,,,,,,1992
3367,,,,,,1992
3368,,,,,,1992
3369,,,,,,1992
3370,,,,,,1992
3371,,,,,,1992
3372,,,,,,1992
3373,,,,,,1992
3374,,,,,,1992
3375,,,,,,1992
3376,,,,,,1992
3377,,,,,,1992
3378,,,,,,1992
3379,,,,,,1992
3380,,,,,,1992
3381,,,,,,1992
3382,,,,,,1992
3383,,,,,,1992
3384,,,,,,1992
3385,,,,,,1992
3386,,,,,,1992
3387,,,,,,1992
3388,,,,,,1992
3389,,,,,,1992
3390,,,,,,1992
3391,,,,,,1992
3392,,,,,,1992
3393,,,,,,1992
3394,,,,,,1992
3395,,,,,,1992
3396,,,,,,1992
3397,,,,,,1992
3398,,,,,,1992
3399,,,,,,1992
3400,,,,,,1992
3401,,,,,,1992
3402,,,,,,1992
3403,,,,,,1992
3404,,,,,,1992
3405,,,,,,1992
3406,,,,,,1992
3407,,,,,,1992
3408,,,,,,1992
3409,,,,,,1992
3410,,,,,,1992
3411,,,,,,1992
3412,,,,,,1992
3413,,,,,,1992
3414,,,,,,1992
3415,,,,,,1992
3416,,,,,,1992
3417,,,,,,1992
3418,,,,,,1992
3419,,,,,,1992
3420,,,,,,1993
3421,,,,,,1993
3422,,,,,,1993
3423,,,,,,1993
3424,,,,,,1993
3425,,,,,,1993
3426,,,,,,1993
3427,,,,,,1993
3428,,,,,,1993
3429,,,,,,1993
3430,,,,,,1993
3431,,,,,,1993
3432,,,,,,1993
3433,,,,,,1993
3434,,,,,,1993
3435,,,,,,1993
3436,,,,,,1993
3437,,,,,,1993
3438,,,,,,1993
3439,,,,,,1993
3440,,,,,,1993
3441,,,,,,1993
3442,,,,,,1993
3443,,,,,,1993
3444,,,,,,1993
3445,,,,,,1993
3446,,,,,,1993
3447,,,,,,1993
3448,,,,,,1993
3449,,,,,,1993
3450,,,,,,1993
3451,,,,,,1993
3452,,,,,,1993
3453,,,,,,1993
3454,,,,,,1993
3455,,,,,,1993
3456,,,,,,1993
3457,,,,,,1993
3458,,,,,,1993
3459,,,,,,1993
3460,,,,,,1993
3461,,,,,,1993
3462,,,,,,1993
3463,,,,,,1993
3464,,,,,,1993
3465,,,,,,1993
3466,,,,,,1993
3467,,,,,,1993
3468,,,,,,1993
3469,,,,,,1993
3470,,,,,,1993
3471,,,,,,1993
3472,,,,,,1993
3473,,,,,,1993
3474,,,,,,1993
3475,,,,,,1993
3476,,,,,,1993
3477,,,,,,1993
3478,,,,,,1993
3479,,,,,,1993
3480,,,,,,1993
3481,,,,,,1993
3482,,,,,,1993
3483,,,,,,1993
3484,,,,,,1993
3485,,,,,,1993
3486,,,,,,1993
3487,,,,,,1993
3488,,,,,,1993
3489,,,,,,1993
3490,,,,,,1993
3491,,,,,,1993
3492,,,,,,1993
3493,,,,,,1993
3494,,,,,,1993
3495,,,,,,1993
3496,,,,,,1993
3497,,,,,,1993
3498,,,,,,1993
3499,,,,,,1993
3500,,,,,,1993
3501,,,,,,1993
3502,,,,,,1993
3503,,,,,,1993
3504,,,,,,1993
3505,,,,,,1993
3506,,,,,,1993
3507,,,,,,1993
3508,,,,,,1993
3509,,,,,,1993
3510,,,,,,1994
3511,,,,,,1994
3512,,,,,,1994
3513,,,,,,1994
3514,,,,,,1994
3515,,,,,,1994
3516,,,,,,1994
3517,,,,,,1994
3518,,,,,,1994
3519,,,,,,1994
3520,,,,,,1994
3521,,,,,,1994
3522,,,,,,1994
3523,,,,,,1994
3524,,,,,,1994
3525,,,,,,1994
3526,,,,,,1994
3527,,,,,,1994
3528,,,,,,1994
3529,,,,,,1994
3530,,,,,,1994
3531,,,,,,1994
3532,,,,,,1994
3533,,,,,,1994
3534,,,,,,1994
3535,,,,,,1994
3536,,,,,,1994
3537,,,,,,1994
3538,,,,,,1994
3539,,,,,,1994
3540,,,,,,1994
3541,,,,,,1994
3542,,,,,,1994
3543,,,,,,1994
3544,,,,,,1994
3545,,,,,,1994
3546,,,,,,1994
3547,,,,,,1994
3548,,,,,,1994
3549,,,,,,1994
3550,,,,,,1994
3551,,,,,,1994
3552,,,,,,1994
3553,,,,,,1994
3554,,,,,,1994
3555,,,,,,1994
3556,,,,,,1994
3557,,,,,,1994
3558,,,,,,1994
3559,,,,,,1994
3560,,,,,,1994
3561,,,,,,1994
3562,,,,,,1994
3563,,,,,,1994
3564,,,,,,1994
3565,,,,,,1994
3566,,,,,,1994
3567,,,,,,1994
3568,,,,,,1994
3569,,,,,,1994
3570,,,,,,1994
3571,,,,,,1994
3572,,,,,,1994
3573,,,,,,1994
3574,,,,,,1994
3575,,,,,,1994
3576,,,,,,1994
3577,,,,,,1994
3578,,,,,,1994
3579,,,,,,1994
3580,,,,,,1994
3581,,,,,,1994
3582,,,,,,1994
3583,,,,,,1994
3584,,,,,,1994
3585,,,,,,1994
3586,,,,,,1994
3587,,,,,,1994
3588,,,,,,1994
3589,,,,,,1994
3590,,,,,,1994
3591,,,,,,1994
3592,,,,,,1994
3593,,,,,,1994
3594,,,,,,1994
3595,,,,,,1994
3596,,,,,,1994
3597,,,,,,1994
3598,,,,,,1994
3599,,,,,,1994
3600,,,,,,1995
3601,,,,,,1995
3602,,,,,,1995
3603,,,,,,1995
3604,,,,,,1995
3605,,,,,,1995
3606,,,,,,1995
3607,,,,,,1995
3608,,,,,,1995
3609,,,,,,1995
3610,,,,,,1995
3611,,,,,,1995
3612,,,,,,1995
3613,,,,,,1995
3614,,,,,,1995
3615,,,,,,1995
3616,,,,,,1995
3617,,,,,,1995
3618,,,,,,1995
3619,,,,,,1995
3620,,,,,,1995
3621,,,,,,1995
3622,,,,,,1995
3623,,,,,,1995
3624,,,,,,1995
3625,,,,,,1995
3626,,,,,,1995
3627,,,,,,1995
3628,,,,,,1995
3629,,,,,,1995
3630,,,,,,1995
3631,,,,,,1995
3632,,,,,,1995
3633,,,,,,1995
3634,,,,,,1995
3635,,,,,,1995
3636,,,,,,1995
3637,,,,,,1995
3638,,,,,,1995
3639,,,,,,1995
3640,,,,,,1995
3641,,,,,,1995
3642,,,,,,1995
3643,,,,,,1995
3644,,,,,,1995
3645,,,,,,1995
3646,,,,,,1995
3647,,,,,,1995
3648,,,,,,1995
3649,,,,,,1995
3650,,,,,,1995
3651,,,,,,1995
3652,,,,,,1995
3653,,,,,,1995
3654,,,,,,1995
3655,,,,,,1995
3656,,,,,,1995
3657,,,,,,1995
3658,,,,,,1995
3659,,,,,,1995
3660,,,,,,1995
3661,,,,,,1995
3662,,,,,,1995
3663,,,,,,1995
3664,,,,,,1995
3665,,,,,,1995
3666,,,,,,1995
3667,,,,,,1995
3668,,,,,,1995
3669,,,,,,1995
3670,,,,,,1995
3671,,,,,,1995
3672,,,,,,1995
3673,,,,,,1995
3674,,,,,,1995
3675,,,,,,1995
3676,,,,,,1995
3677,,,,,,1995
3678,,,,,,1995
3679,,,,,,1995
3680,,,,,,1995
3681,,,,,,1995
3682,,,,,,1995
3683,,,,,,1995
3684,,,,,,1995
3685,,,,,,1995
3686,,,,,,1995
3687,,,,,,1995
3688,,,,,,1995
3689,,,,,,1995
3690,,,,,,1996
3691,,,,,,1996
3692,,,,,,1996
3693,,,,,,1996
3694,,,,,,1996
3695,,,,,,1996
3696,,,,,,1996
3697,,,,,,1996
3698,,,,,,1996
3699,,,,,,1996
3700,,,,,,1996
3701,,,,,,1996
3702,,,,,,1996
3703,,,,,,1996
3704,,,,,,1996
3705,,,,,,1996
3706,,,,,,1996
3707,,,,,,1996
3708,,,,,,1996
3709,,,,,,1996
3710,,,,,,1996
3711,,,,,,1996
3712,,,,,,1996
3713,,,,,,1996
3714,,,,,,1996
3715,,,,,,1996
3716,,,,,,1996
3717,,,,,,1996
3718,,,,,,1996
3719,,,,,,1996
3720,,,,,,1996
3721,,,,,,1996
3722,,,,,,1996
3723,,,,,,1996
3724,,,,,,1996
3725,,,,,,1996
3726,,,,,,1996
3727,,,,,,1996
3728,,,,,,1996
3729,,,,,,1996
3730,,,,,,1996
3731,,,,,,1996
3732,,,,,,1996
3733,,,,,,1996
3734,,,,,,1996
3735,,,,,,1996
3736,,,,,,1996
3737,,,,,,1996
3738,,,,,,1996
3739,,,,,,1996
3740,,,,,,1996
3741,,,,,,1996
3742,,,,,,1996
3743,,,,,,1996
3744,,,,,,1996
3745,,,,,,1996
3746,,,,,,1996
3747,,,,,,1996
3748,,,,,,1996
3749,,,,,,1996
3750,,,,,,1996
3751,,,,,,1996
3752,,,,,,1996
3753,,,,,,1996
3754,,,,,,1996
3755,,,,,,1996
3756,,,,,,1996
3757,,,,,,1996
3758,,,,,,1996
3759,,,,,,1996
3760,,,,,,1996
3761,,,,,,1996
3762,,,,,,1996
3763,,,,,,1996
3764,,,,,,1996
3765,,,,,,1996
3766,,,,,,1996
3767,,,,,,1996
3768,,,,,,1996
3769,,,,,,1996
3770,,,,,,1996
3771,,,,,,1996
3772,,,,,,1996
3773,,,,,,1996
3774,,,,,,1996
3775,,,,,,1996
3776,,,,,,1996
3777,,,,,,1996
3778,,,,,,1996
3779,,,,,,1996
3780,,,,,,1997
3781,,,,,,1997
3782,,,,,,1997
3783,,,,,,1997
3784,,,,,,1997
3785,,,,,,1997
3786,,,,,,1997
3787,,,,,,1997
3788,,,,,,1997
3789,,,,,,1997
3790,,,,,,1997
3791,,,,,,1997
3792,,,,,,1997
3793,,,,,,1997
3794,,,,,,1997
3795,,,,,,1997
3796,,,,,,1997
3797,,,,,,1997
3798,,,,,,1997
3799,,,,,,1997
3800,,,,,,1997
3801,,,,,,1997
3802,,,,,,1997
3803,,,,,,1997
3804,,,,,,1997
3805,,,,,,1997
3806,,,,,,1997
3807,,,,,,1997
3808,,,,,,1997
3809,,,,,,1997
3810,,,,,,1997
3811,,,,,,1997
3812,,,,,,1997
3813,,,,,,1997
3814,,,,,,1997
3815,,,,,,1997
3816,,,,,,1997
3817,,,,,,1997
3818,,,,,,1997
3819,,,,,,1997
3820,,,,,,1997
3821,,,,,,1997
3822,,,,,,1997
3823,,,,,,1997
3824,,,,,,1997
3825,,,,,,1997
3826,,,,,,1997
3827,,,,,,1997
3828,,,,,,1997
3829,,,,,,1997
3830,,,,,,1997
3831,,,,,,1997
3832,,,,,,1997
3833,,,,,,1997
3834,,,,,,1997
3835,,,,,,1997
3836,,,,,,1997
3837,,,,,,1997
3838,,,,,,1997
3839,,,,,,1997
3840,,,,,,1997
3841,,,,,,1997
3842,,,,,,1997
3843,,,,,,1997
3844,,,,,,1997
3845,,,,,,1997
3846,,,,,,1997
3847,,,,,,1997
3848,,,,,,1997
3849,,,,,,1997
3850,,,,,,1997
3851,,,,,,1997
3852,,,,,,1997
3853,,,,,,1997
3854,,,,,,1997
3855,,,,,,1997
3856,,,,,,1997
3857,,,,,,1997
3858,,,,,,1997
3859,,,,,,1997
3860,,,,,,1997
3861,,,,,,1997
3862,,,,,,1997
3863,,,,,,1997
3864,,,,,,1997
3865,,,,,,1997
3866,,,,,,1997
3867,,,,,,1997
3868,,,,,,1997
3869,,,,,,1997
3870,,,,,,1998
3871,,,,,,1998
3872,,,,,,1998
3873,,,,,,1998
3874,,,,,,1998
3875,,,,,,1998
3876,,,,,,1998
3877,,,,,,1998
3878,,,,,,1998
3879,,,,,,1998
3880,,,,,,1998
3881,,,,,,1998
3882,,,,,,1998
3883,,,,,,1998
3884,,,,,,1998
3885,,,,,,1998
3886,,,,,,1998
3887,,,,,,1998
3888,,,,,,1998
3889,,,,,,1998
3890,,,,,,1998
3891,,,,,,1998
3892,,,,,,1998
3893,,,,,,1998
3894,,,,,,1998
3895,,,,,,1998
3896,,,,,,1998
3897,,,,,,1998
3898,,,,,,1998
3899,,,,,,1998
3900,,,,,,1998
3901,,,,,,1998
3902,,,,,,1998
3903,,,,,,1998
3904,,,,,,1998
3905,,,,,,1998
3906,,,,,,1998
3907,,,,,,1998
3908,,,,,,1998
3909,,,,,,1998
3910,,,,,,1998
3911,,,,,,1998
3912,,,,,,1998
3913,,,,,,1998
3914,,,,,,1998
3915,,,,,,1998
3916,,,,,,1998
3917,,,,,,1998
3918,,,,,,1998
3919,,,,,,1998
3920,,,,,,1998
3921,,,,,,1998
3922,,,,,,1998
3923,,,,,,1998
3924,,,,,,1998
3925,,,,,,1998
3926,,,,,,1998
3927,,,,,,1998
3928,,,,,,1998
3929,,,,,,1998
3930,,,,,,1998
3931,,,,,,1998
3932,,,,,,1998
3933,,,,,,1998
3934,,,,,,1998
3935,,,,,,1998
3936,,,,,,1998
3937,,,,,,1998
3938,,,,,,1998
3939,,,,,,1998
3940,,,,,,1998
3941,,,,,,1998
3942,,,,,,1998
3943,,,,,,1998
3944,,,,,,1998
3945,,,,,,1998
3946,,,,,,1998
3947,,,,,,1998
3948,,,,,,1998
3949,,,,,,1998
3950,,,,,,1998
3951,,,,,,1998
3952,,,,,,1998
3953,,,,,,1998
3954,,,,,,1998
3955,,,,,,1998
3956,,,,,,1998
3957,,,,,,1998
3958,,,,,,1998
3959,,,,,,1998
3960,,,,,,1999
3961,,,,,,1999
3962,,,,,,1999
3963,,,,,,1999
3964,,,,,,1999
3965,,,,,,1999
3966,,,,,,1999
3967,,,,,,1999
3968,,,,,,1999
3969,,,,,,1999
3970,,,,,,1999
3971,,,,,,1999
3972,,,,,,1999
3973,,,,,,1999
3974,,,,,,1999
3975,,,,,,1999
3976,,,,,,1999
3977,,,,,,1999
3978,,,,,,1999
3979,,,,,,1999
3980,,,,,,1999
3981,,,,,,1999
3982,,,,,,1999
3983,,,,,,1999
3984,,,,,,1999
3985,,,,,,1999
3986,,,,,,1999
3987,,,,,,1999
3988,,,,,,1999
3989,,,,,,1999
3990,,,,,,1999
3991,,,,,,1999
3992,,,,,,1999
3993,,,,,,1999
3994,,,,,,1999
3995,,,,,,1999
3996,,,,,,1999
3997,,,,,,1999
3998,,,,,,1999
3999,,,,,,1999
4000,,,,,,1999
4001,,,,,,1999
4002,,,,,,1999
4003,,,,,,1999
4004,,,,,,1999
4005,,,,,,1999
4006,,,,,,1999
4007,,,,,,1999
4008,,,,,,1999
4009,,,,,,1999
4010,,,,,,1999
4011,,,,,,1999
4012,,,,,,1999
4013,,,,,,1999
4014,,,,,,1999
4015,,,,,,1999
4016,,,,,,1999
4017,,,,,,1999
4018,,,,,,1999
4019,,,,,,1999
4020,,,,,,1999
4021,,,,,,1999
4022,,,,,,1999
4023,,,,,,1999
4024,,,,,,1999
4025,,,,,,1999
4026,,,,,,1999
4027,,,,,,1999
4028,,,,,,1999
4029,,,,,,1999
4030,,,,,,1999
4031,,,,,,1999
4032,,,,,,1999
4033,,,,,,1999
4034,,,,,,1999
4035,,,,,,1999
4036,,,,,,1999
4037,,,,,,1999
4038,,,,,,1999
4039,,,,,,1999
4040,,,,,,1999
4041,,,,,,1999
4042,,,,,,1999
4043,,,,,,1999
4044,,,,,,1999
4045,,,,,,1999
4046,,,,,,1999
4047,,,,,,1999
4048,,,,,,1999
4049,,,,,,1999
4050,,,,,,2000
4051,,,,,,2000
4052,,,,,,2000
4053,,,,,,2000
4054,,,,,,2000
4055,,,,,,2000
4056,,,,,,2000
4057,,,,,,2000
4058,,,,,,2000
4059,,,,,,2000
4060,,,,,,2000
4061,,,,,,2000
4062,,,,,,2000
4063,,,,,,2000
4064,,,,,,2000
4065,,,,,,2000
4066,,,,,,2000
4067,,,,,,2000
4068,,,,,,2000
4069,,,,,,2000
4070,,,,,,2000
4071,,,,,,2000
4072,,,,,,2000
4073,,,,,,2000
4074,,,,,,2000
4075,,,,,,2000
4076,,,,,,2000
4077,,,,,,2000
4078,,,,,,2000
4079,,,,,,2000
4080,,,,,,2000
4081,,,,,,2000
4082,,,,,,2000
4083,,,,,,2000
4084,,,,,,2000
4085,,,,,,2000
4086,,,,,,2000
4087,,,,,,2000
4088,,,,,,2000
4089,,,,,,2000
4090,,,,,,2000
4091,,,,,,2000
4092,,,,,,2000
4093,,,,,,2000
4094,,,,,,2000
4095,,,,,,2000
4096,,,,,,2000
4097,,,,,,2000
4098,,,,,,2000
4099,,,,,,2000
4100,,,,,,2000
4101,,,,,,2000
4102,,,,,,2000
4103,,,,,,2000
4104,,,,,,2000
4105,,,,,,2000
4106,,,,,,2000
4107,,,,,,2000
4108,,,,,,2000
4109,,,,,,2000
4110,,,,,,2000
4111,,,,,,2000
4112,,,,,,2000
4113,,,,,,2000
4114,,,,,,2000
4115,,,,,,2000
4116,,,,,,2000
4117,,,,,,2000
4118,,,,,,2000
4119,,,,,,2000
4120,,,,,,2000
4121,,,,,,2000
4122,,,,,,2000
4123,,,,,,2000
4124,,,,,,2000
4125,,,,,,2000
4126,,,,,,2000
4127,,,,,,2000
4128,,,,,,2000
4129,,,,,,2000
4130,,,,,,2000
4131,,,,,,2000
4132,,,,,,2000
4133,,,,,,2000
4134,,,,,,2000
4135,,,,,,2000
4136,,,,,,2000
4137,,,,,,2000
4138,,,,,,2000
4139,,,,,,2000
4140,,,,,,2001
4141,,,,,,2001
4142,,,,,,2001
4143,,,,,,2001
4144,,,,,,2001
4145,,,,,,2001
4146,,,,,,2001
4147,,,,,,2001
4148,,,,,,2001
4149,,,,,,2001
4150,,,,,,2001
4151,,,,,,2001
4152,,,,,,2001
4153,,,,,,2001
4154,,,,,,2001
4155,,,,,,2001
4156,,,,,,2001
4157,,,,,,2001
4158,,,,,,2001
4159,,,,,,2001
4160,,,,,,2001
4161,,,,,,2001
4162,,,,,,2001
4163,,,,,,2001
4164,,,,,,2001
4165,,,,,,2001
4166,,,,,,2001
4167,,,,,,2001
4168,,,,,,2001
4169,,,,,,2001
4170,,,,,,2001
4171,,,,,,2001
4172,,,,,,2001
4173,,,,,,2001
4174,,,,,,2001
4175,,,,,,2001
4176,,,,,,2001
4177,,,,,,2001
4178,,,,,,2001
4179,,,,,,2001
4180,,,,,,2001
4181,,,,,,2001
4182,,,,,,2001
4183,,,,,,2001
4184,,,,,,2001
4185,,,,,,2001
4186,,,,,,2001
4187,,,,,,2001
4188,,,,,,2001
4189,,,,,,2001
4190,,,,,,2001
4191,,,,,,2001
4192,,,,,,2001
4193,,,,,,2001
4194,,,,,,2001
4195,,,,,,2001
4196,,,,,,2001
4197,,,,,,2001
4198,,,,,,2001
4199,,,,,,2001
4200,,,,,,2001
4201,,,,,,2001
4202,,,,,,2001
4203,,,,,,2001
4204,,,,,,2001
4205,,,,,,2001
4206,,,,,,2001
4207,,,,,,2001
4208,,,,,,2001
4209,,,,,,2001
4210,,,,,,2001
4211,,,,,,2001
4212,,,,,,2001
4213,,,,,,2001
4214,,,,,,2001
4215,,,,,,2001
4216,,,,,,2001
4217,,,,,,2001
4218,,,,,,2001
4219,,,,,,2001
4220,,,,,,2001
4221,,,,,,2001
4222,,,,,,2001
4223,,,,,,2001
4224,,,,,,2001
4225,,,,,,2001
4226,,,,,,2001
4227,,,,,,2001
4228,,,,,,2001
4229,,,,,,2001
4230,,,,,,2002
4231,,,,,,2002
4232,,,,,,2002
4233,,,,,,2002
4234,,,,,,2002
4235,,,,,,2002
4236,,,,,,2002
4237,,,,,,2002
4238,,,,,,2002
4239,,,,,,2002
4240,,,,,,2002
4241,,,,,,2002
4242,,,,,,2002
4243,,,,,,2002
4244,,,,,,2002
4245,,,,,,2002
4246,,,,,,2002
4247,,,,,,2002
4248,,,,,,2002
4249,,,,,,2002
4250,,,,,,2002
4251,,,,,,2002
4252,,,,,,2002
4253,,,,,,2002
4254,,,,,,2002
4255,,,,,,2002
4256,,,,,,2002
4257,,,,,,2002
4258,,,,,,2002
4259,,,,,,2002
4260,,,,,,2002
4261,,,,,,2002
4262,,,,,,2002
4263,,,,,,2002
4264,,,,,,2002
4265,,,,,,2002
4266,,,,,,2002
4267,,,,,,2002
4268,,,,,,2002
4269,,,,,,2002
4270,,,,,,2002
4271,,,,,,2002
4272,,,,,,2002
4273,,,,,,2002
4274,,,,,,2002
4275,,,,,,2002
4276,,,,,,2002
4277,,,,,,2002
4278,,,,,,2002
4279,,,,,,2002
4280,,,,,,2002
4281,,,,,,2002
4282,,,,,,2002
4283,,,,,,2002
4284,,,,,,2002
4285,,,,,,2002
4286,,,,,,2002
4287,,,,,,2002
4288,,,,,,2002
4289,,,,,,2002
4290,,,,,,2002
4291,,,,,,2002
4292,,,,,,2002
4293,,,,,,2002
4294,,,,,,2002
4295,,,,,,2002
4296,,,,,,2002
4297,,,,,,2002
4298,,,,,,2002
4299,,,,,,2002
4300,,,,,,2002
4301,,,,,,2002
4302,,,,,,2002
4303,,,,,,2002
4304,,,,,,2002
4305,,,,,,2002
4306,,,,,,2002
4307,,,,,,2002
4308,,,,,,2002
4309,,,,,,2002
4310,,,,,,2002
4311,,,,,,2002
4312,,,,,,2002
4313,,,,,,2002
4314,,,,,,2002
4315,,,,,,2002
4316,,,,,,2002
4317,,,,,,2002
4318,,,,,,2002
4319,,,,,,2002
4320,,,,,,2003
4321,,,,,,2003
4322,,,,,,2003
4323,,,,,,2003
4324,,,,,,2003
4325,,,,,,2003
4326,,,,,,2003
4327,,,,,,2003
4328,,,,,,2003
4329,,,,,,2003
4330,,,,,,2003
4331,,,,,,2003
4332,,,,,,2003
4333,,,,,,2003
4334,,,,,,2003
4335,,,,,,2003
4336,,,,,,2003
4337,,,,,,2003
4338,,,,,,2003
4339,,,,,,2003
4340,,,,,,2003
4341,,,,,,2003
4342,,,,,,2003
4343,,,,,,2003
4344,,,,,,2003
4345,,,,,,2003
4346,,,,,,2003
4347,,,,,,2003
4348,,,,,,2003
4349,,,,,,2003
4350,,,,,,2003
4351,,,,,,2003
4352,,,,,,2003
4353,,,,,,2003
4354,,,,,,2003
4355,,,,,,2003
4356,,,,,,2003
4357,,,,,,2003
4358,,,,,,2003
4359,,,,,,2003
4360,,,,,,2003
4361,,,,,,2003
4362,,,,,,2003
4363,,,,,,2003
4364,,,,,,2003
4365,,,,,,2003
4366,,,,,,2003
4367,,,,,,2003
4368,,,,,,2003
4369,,,,,,2003
4370,,,,,,2003
4371,,,,,,2003
4372,,,,,,2003
4373,,,,,,2003
4374,,,,,,2003
4375,,,,,,2003
4376,,,,,,2003
4377,,,,,,2003
4378,,,,,,2003
4379,,,,,,2003
4380,,,,,,2003
4381,,,,,,2003
4382,,,,,,2003
4383,,,,,,2003
4384,,,,,,2003
4385,,,,,,2003
4386,,,,,,2003
4387,,,,,,2003
4388,,,,,,2003
4389,,,,,,2003
4390,,,,,,2003
4391,,,,,,2003
4392,,,,,,2003
4393,,,,,,2003
4394,,,,,,2003
4395,,,,,,2003
4396,,,,,,2003
4397,,,,,,2003
4398,,,,,,2003
4399,,,,,,2003
4400,,,,,,2003
4401,,,,,,2003
4402,,,,,,2003
4403,,,,,,2003
4404,,,,,,2003
4405,,,,,,2003
4406,,,,,,2003
4407,,,,,,2003
4408,,,,,,2003
4409,,,,,,2003
4410,,,,,,2004
4411,,,,,,2004
4412,,,,,,2004
4413,,,,,,2004
4414,,,,,,2004
4415,,,,,,2004
4416,,,,,,2004
4417,,,,,,2004
4418,,,,,,2004
4419,,,,,,2004
4420,,,,,,2004
4421,,,,,,2004
4422,,,,,,2004
4423,,,,,,2004
4424,,,,,,2004
4425,,,,,,2004
4426,,,,,,2004
4427,,,,,,2004
4428,,,,,,2004
4429,,,,,,2004
4430,,,,,,2004
4431,,,,,,2004
4432,,,,,,2004
4433,,,,,,2004
4434,,,,,,2004
4435,,,,,,2004
4436,,,,,,2004
4437,,,,,,2004
4438,,,,,,2004
4439,,,,,,2004
4440,,,,,,2004
4441,,,,,,2004
4442,,,,,,2004
4443,,,,,,2004
4444,,,,,,2004
4445,,,,,,2004
4446,,,,,,2004
4447,,,,,,2004
4448,,,,,,2004
4449,,,,,,2004
4450,,,,,,2004
4451,,,,,,2004
4452,,,,,,2004
4453,,,,,,2004
4454,,,,,,2004
4455,,,,,,2004
4456,,,,,,2004
4457,,,,,,2004
4458,,,,,,2004
4459,,,,,,2004
4460,,,,,,2004
4461,,,,,,2004
4462,,,,,,2004
4463,,,,,,2004
4464,,,,,,2004
4465,,,,,,2004
4466,,,,,,2004
4467,,,,,,2004
4468,,,,,,2004
4469,,,,,,2004
4470,,,,,,2004
4471,,,,,,2004
4472,,,,,,2004
4473,,,,,,2004
4474,,,,,,2004
4475,,,,,,2004
4476,,,,,,2004
4477,,,,,,2004
4478,,,,,,2004
4479,,,,,,2004
4480,,,,,,2004
4481,,,,,,2004
4482,,,,,,2004
4483,,,,,,2004
4484,,,,,,2004
4485,,,,,,2004
4486,,,,,,2004
4487,,,,,,2004
4488,,,,,,2004
4489,,,,,,2004
4490,,,,,,2004
4491,,,,,,2004
4492,,,,,,2004
4493,,,,,,2004
4494,,,,,,2004
4495,,,,,,2004
4496,,,,,,2004
4497,,,,,,2004
4498,,,,,,2004
4499,,,,,,2004
4500,,,,,,2005
4501,,,,,,2005
4502,,,,,,2005
4503,,,,,,2005
4504,,,,,,2005
4505,,,,,,2005
4506,,,,,,2005
4507,,,,,,2005
4508,,,,,,2005
4509,,,,,,2005
4510,,,,,,2005
4511,,,,,,2005
4512,,,,,,2005
4513,,,,,,2005
4514,,,,,,2005
4515,,,,,,2005
4516,,,,,,2005
4517,,,,,,2005
4518,,,,,,2005
4519,,,,,,2005
4520,,,,,,2005
4521,,,,,,2005
4522,,,,,,2005
4523,,,,,,2005
4524,,,,,,2005
4525,,,,,,2005
4526,,,,,,2005
4527,,,,,,2005
4528,,,,,,2005
4529,,,,,,2005
4530,,,,,,2005
4531,,,,,,2005
4532,,,,,,2005
4533,,,,,,2005
4534,,,,,,2005
4535,,,,,,2005
4536,,,,,,2005
4537,,,,,,2005
4538,,,,,,2005
4539,,,,,,2005
4540,,,,,,2005
4541,,,,,,2005
4542,,,,,,2005
4543,,,,,,2005
4544,,,,,,2005
4545,,,,,,2005
4546,,,,,,2005
4547,,,,,,2005
4548,,,,,,2005
4549,,,,,,2005
4550,,,,,,2005
4551,,,,,,2005
4552,,,,,,2005
4553,,,,,,2005
4554,,,,,,2005
4555,,,,,,2005
4556,,,,,,2005
4557,,,,,,2005
4558,,,,,,2005
4559,,,,,,2005
4560,,,,,,2005
4561,,,,,,2005
4562,,,,,,2005
4563,,,,,,2005
4564,,,,,,2005
4565,,,,,,2005
4566,,,,,,2005
4567,,,,,,2005
4568,,,,,,2005
4569,,,,,,2005
4570,,,,,,2005
4571,,,,,,2005
4572,,,,,,2005
4573,,,,,,2005
4574,,,,,,2005
4575,,,,,,2005
4576,,,,,,2005
4577,,,,,,2005
4578,,,,,,2005
4579,,,,,,2005
4580,,,,,,2005
4581,,,,,,2005
4582,,,,,,2005
4583,,,,,,2005
4584,,,,,,2005
4585,,,,,,2005
4586,,,,,,2005
4587,,,,,,2005
4588,,,,,,2005
4589,,,,,,2005
4590,,,,,,2006
4591,,,,,,2006
4592,,,,,,2006
4593,,,,,,2006
4594,,,,,,2006
4595,,,,,,2006
4596,,,,,,2006
4597,,,,,,2006
4598,,,,,,2006
4599,,,,,,2006
4600,,,,,,2006
4601,,,,,,2006
4602,,,,,,2006
4603,,,,,,2006
4604,,,,,,2006
4605,,,,,,2006
4606,,,,,,2006
4607,,,,,,2006
4608,,,,,,2006
4609,,,,,,2006
4610,,,,,,2006
4611,,,,,,2006
4612,,,,,,2006
4613,,,,,,2006
4614,,,,,,2006
4615,,,,,,2006
4616,,,,,,2006
4617,,,,,,2006
4618,,,,,,2006
4619,,,,,,2006
4620,,,,,,2006
4621,,,,,,2006
4622,,,,,,2006
4623,,,,,,2006
4624,,,,,,2006
4625,,,,,,2006
4626,,,,,,2006
4627,,,,,,2006
4628,,,,,,2006
4629,,,,,,2006
4630,,,,,,2006
4631,,,,,,2006
4632,,,,,,2006
4633,,,,,,2006
4634,,,,,,2006
4635,,,,,,2006
4636,,,,,,2006
4637,,,,,,2006
4638,,,,,,2006
4639,,,,,,2006
4640,,,,,,2006
4641,,,,,,2006
4642,,,,,,2006
4643,,,,,,2006
4644,,,,,,2006
4645,,,,,,2006
4646,,,,,,2006
4647,,,,,,2006
4648,,,,,,2006
4649,,,,,,2006
4650,,,,,,2006
4651,,,,,,2006
4652,,,,,,2006
4653,,,,,,2006
4654,,,,,,2006
4655,,,,,,2006
4656,,,,,,2006
4657,,,,,,2006
4658,,,,,,2006
4659,,,,,,2006
4660,,,,,,2006
4661,,,,,,2006
4662,,,,,,2006
4663,,,,,,2006
4664,,,,,,2006
4665,,,,,,2006
4666,,,,,,2006
4667,,,,,,2006
4668,,,,,,2006
4669,,,,,,2006
4670,,,,,,2006
4671,,,,,,2006
4672,,,,,,2006
4673,,,,,,2006
4674,,,,,,2006
4675,,,,,,2006
4676,,,,,,2006
4677,,,,,,2006
4678,,,,,,2006
4679,,,,,,2006
4680,,,,,,2007
4681,,,,,,2007
4682,,,,,,2007
4683,,,,,,2007
4684,,,,,,2007
4685,,,,,,2007
4686,,,,,,2007
4687,,,,,,2007
4688,,,,,,2007
4689,,,,,,2007
4690,,,,,,2007
4691,,,,,,2007
4692,,,,,,2007
4693,,,,,,2007
4694,,,,,,2007
4695,,,,,,2007
4696,,,,,,2007
4697,,,,,,2007
4698,,,,,,2007
4699,,,,,,2007
4700,,,,,,2007
4701,,,,,,2007
4702,,,,,,2007
4703,,,,,,2007
4704,,,,,,2007
4705,,,,,,2007
4706,,,,,,2007
4707,,,,,,2007
4708,,,,,,2007
4709,,,,,,2007
4710,,,,,,2007
4711,,,,,,2007
4712,,,,,,2007
4713,,,,,,2007
4714,,,,,,2007
4715,,,,,,2007
4716,,,,,,2007
4717,,,,,,2007
4718,,,,,,2007
4719,,,,,,2007
4720,,,,,,2007
4721,,,,,,2007
4722,,,,,,2007
4723,,,,,,2007
4724,,,,,,2007
4725,,,,,,2007
4726,,,,,,2007
4727,,,,,,2007
4728,,,,,,2007
4729,,,,,,2007
4730,,,,,,2007
4731,,,,,,2007
4732,,,,,,2007
4733,,,,,,2007
4734,,,,,,2007
4735,,,,,,2007
4736,,,,,,2007
4737,,,,,,2007
4738,,,,,,2007
4739,,,,,,2007
4740,,,,,,2007
4741,,,,,,2007
4742,,,,,,2007
4743,,,,,,2007
4744,,,,,,2007
4745,,,,,,2007
4746,,,,,,2007
4747,,,,,,2007
4748,,,,,,2007
4749,,,,,,2007
4750,,,,,,2007
4751,,,,,,2007
4752,,,,,,2007
4753,,,,,,2007
4754,,,,,,2007
4755,,,,,,2007
4756,,,,,,2007
4757,,,,,,2007
4758,,,,,,2007
4759,,,,,,2007
4760,,,,,,2007
4761,,,,,,2007
4762,,,,,,2007
4763,,,,,,2007
4764,,,,,,2007
4765,,,,,,2007
4766,,,,,,2007
4767,,,,,,2007
4768,,,,,,2007
4769,,,,,,2007
4770,,,,,,2008
4771,,,,,,2008
4772,,,,,,2008
4773,,,,,,2008
4774,,,,,,2008
4775,,,,,,2008
4776,,,,,,2008
4777,,,,,,2008
4778,,,,,,2008
4779,,,,,,2008
4780,,,,,,2008
4781,,,,,,2008
4782,,,,,,2008
4783,,,,,,2008
4784,,,,,,2008
4785,,,,,,2008
4786,,,,,,2008
4787,,,,,,2008
4788,,,,,,2008
4789,,,,,,2008
4790,,,,,,2008
4791,,,,,,2008
4792,,,,,,2008
4793,,,,,,2008
4794,,,,,,2008
4795,,,,,,2008
4796,,,,,,2008
4797,,,,,,2008
4798,,,,,,2008
4799,,,,,,2008
4800,,,,,,2008
4801,,,,,,2008
4802,,,,,,2008
4803,,,,,,2008
4804,,,,,,2008
4805,,,,,,2008
4806,,,,,,2008
4807,,,,,,2008
4808,,,,,,2008
4809,,,,,,2008
4810,,,,,,2008
4811,,,,,,2008
4812,,,,,,2008
4813,,,,,,2008
4814,,,,,,2008
4815,,,,,,2008
4816,,,,,,2008
4817,,,,,,2008
4818,,,,,,2008
4819,,,,,,2008
4820,,,,,,2008
4821,,,,,,2008
4822,,,,,,2008
4823,,,,,,2008
4824,,,,,,2008
4825,,,,,,2008
4826,,,,,,2008
4827,,,,,,2008
4828,,,,,,2008
4829,,,,,,2008
4830,,,,,,2008
4831,,,,,,2008
4832,,,,,,2008
4833,,,,,,2008
4834,,,,,,2008
4835,,,,,,2008
4836,,,,,,2008
4837,,,,,,2008
4838,,,,,,2008
4839,,,,,,2008
4840,,,,,,2008
4841,,,,,,2008
4842,,,,,,2008
4843,,,,,,2008
4844,,,,,,2008
4845,,,,,,2008
4846,,,,,,2008
4847,,,,,,2008
4848,,,,,,2008
4849,,,,,,2008
4850,,,,,,2008
4851,,,,,,2008
4852,,,,,,2008
4853,,,,,,2008
4854,,,,,,2008
4855,,,,,,2008
4856,,,,,,2008
4857,,,,,,2008
4858,,,,,,2008
4859,,,,,,2008
4860,,,,,,2009
4861,,,,,,2009
4862,,,,,,2009
4863,,,,,,2009
4864,,,,,,2009
4865,,,,,,2009
4866,,,,,,2009
4867,,,,,,2009
4868,,,,,,2009
4869,,,,,,2009
4870,,,,,,2009
4871,,,,,,2009
4872,,,,,,2009
4873,,,,,,2009
4874,,,,,,2009
4875,,,,,,2009
4876,,,,,,2009
4877,,,,,,2009
4878,,,,,,2009
4879,,,,,,2009
4880,,,,,,2009
4881,,,,,,2009
4882,,,,,,2009
4883,,,,,,2009
4884,,,,,,2009
4885,,,,,,2009
4886,,,,,,2009
4887,,,,,,2009
4888,,,,,,2009
4889,,,,,,2009
4890,,,,,,2009
4891,,,,,,2009
4892,,,,,,2009
4893,,,,,,2009
4894,,,,,,2009
4895,,,,,,2009
4896,,,,,,2009
4897,,,,,,2009
4898,,,,,,2009
4899,,,,,,2009
4900,,,,,,2009
4901,,,,,,2009
4902,,,,,,2009
4903,,,,,,2009
4904,,,,,,2009
4905,,,,,,2009
4906,,,,,,2009
4907,,,,,,2009
4908,,,,,,2009
4909,,,,,,2009
4910,,,,,,2009
4911,,,,,,2009
4912,,,,,,2009
4913,,,,,,2009
4914,,,,,,2009
4915,,,,,,2009
4916,,,,,,2009
4917,,,,,,2009
4918,,,,,,2009
4919,,,,,,2009
4920,,,,,,2009
4921,,,,,,2009
4922,,,,,,2009
4923,,,,,,2009
4924,,,,,,2009
4925,,,,,,2009
4926,,,,,,2009
4927,,,,,,2009
4928,,,,,,2009
4929,,,,,,2009
4930,,,,,,2009
4931,,,,,,2009
4932,,,,,,2009
4933,,,,,,2009
4934,,,,,,2009
4935,,,,,,2009
4936,,,,,,2009
4937,,,,,,2009
4938,,,,,,2009
4939,,,,,,2009
4940,,,,,,2009
4941,,,,,,2009
4942,,,,,,2009
4943,,,,,,2009
4944,,,,,,2009
4945,,,,,,2009
4946,,,,,,2009
4947,,,,,,2009
4948,,,,,,2009
4949,,,,,,2009
4950,,,,,,2010
4951,,,,,,2010
4952,,,,,,2010
4953,,,,,,2010
4954,,,,,,2010
4955,,,,,,2010
4956,,,,,,2010
4957,,,,,,2010
4958,,,,,,2010
4959,,,,,,2010
4960,,,,,,2010
4961,,,,,,2010
4962,,,,,,2010
4963,,,,,,2010
4964,,,,,,2010
4965,,,,,,2010
4966,,,,,,2010
4967,,,,,,2010
4968,,,,,,2010
4969,,,,,,2010
4970,,,,,,2010
4971,,,,,,2010
4972,,,,,,2010
4973,,,,,,2010
4974,,,,,,2010
4975,,,,,,2010
4976,,,,,,2010
4977,,,,,,2010
4978,,,,,,2010
4979,,,,,,2010
4980,,,,,,2010
4981,,,,,,2010
4982,,,,,,2010
4983,,,,,,2010
4984,,,,,,2010
4985,,,,,,2010
4986,,,,,,2010
4987,,,,,,2010
4988,,,,,,2010
4989,,,,,,2010
4990,,,,,,2010
4991,,,,,,2010
4992,,,,,,2010
4993,,,,,,2010
4994,,,,,,2010
4995,,,,,,2010
4996,,,,,,2010
4997,,,,,,2010
4998,,,,,,2010
4999,,,,,,2010
5000,,,,,,2010
5001,,,,,,2010
5002,,,,,,2010
5003,,,,,,2010
5004,,,,,,2010
5005,,,,,,2010
5006,,,,,,2010
5007,,,,,,2010
5008,,,,,,2010
5009,,,,,,2010
5010,,,,,,2010
5011,,,,,,2010
5012,,,,,,2010
5013,,,,,,2010
5014,,,,,,2010
5015,,,,,,2010
5016,,,,,,2010
5017,,,,,,2010
5018,,,,,,2010
5019,,,,,,2010
5020,,,,,,2010
5021,,,,,,2010
5022,,,,,,2010
5023,,,,,,2010
5024,,,,,,2010
5025,,,,,,2010
5026,,,,,,2010
5027,,,,,,2010
5028,,,,,,2010
5029,,,,,,2010
5030,,,,,,2010
5031,,,,,,2010
5032,,,,,,2010
5033,,,,,,2010
5034,,,,,,2010
5035,,,,,,2010
5036,,,,,,2010
5037,,,,,,2010
5038,,,,,,2010
5039,,,,,,2010
5040,,,,,,2011
5041,,,,,,2011
5042,,,,,,2011
5043,,,,,,2011
5044,,,,,,2011
5045,,,,,,2011
5046,,,,,,2011
5047,,,,,,2011
5048,,,,,,2011
5049,,,,,,2011
5050,,,,,,2011
5051,,,,,,2011
5052,,,,,,2011
5053,,,,,,2011
5054,,,,,,2011
5055,,,,,,2011
5056,,,,,,2011
5057,,,,,,2011
5058,,,,,,2011
5059,,,,,,2011
5060,,,,,,2011
5061,,,,,,2011
5062,,,,,,2011
5063,,,,,,2011
5064,,,,,,2011
5065,,,,,,2011
5066,,,,,,2011
5067,,,,,,2011
5068,,,,,,2011
5069,,,,,,2011
5070,,,,,,2011
5071,,,,,,2011
5072,,,,,,2011
5073,,,,,,2011
5074,,,,,,2011
5075,,,,,,2011
5076,,,,,,2011
5077,,,,,,2011
5078,,,,,,2011
5079,,,,,,2011
5080,,,,,,2011
5081,,,,,,2011
5082,,,,,,2011
5083,,,,,,2011
5084,,,,,,2011
5085,,,,,,2011
5086,,,,,,2011
5087,,,,,,2011
5088,,,,,,2011
5089,,,,,,2011
5090,,,,,,2011
5091,,,,,,2011
5092,,,,,,2011
5093,,,,,,2011
5094,,,,,,2011
5095,,,,,,2011
5096,,,,,,2011
5097,,,,,,2011
5098,,,,,,2011
5099,,,,,,2011
5100,,,,,,2011
5101,,,,,,2011
5102,,,,,,2011
5103,,,,,,2011
5104,,,,,,2011
5105,,,,,,2011
5106,,,,,,2011
5107,,,,,,2011
5108,,,,,,2011
5109,,,,,,2011
5110,,,,,,2011
5111,,,,,,2011
5112,,,,,,2011
5113,,,,,,2011
5114,,,,,,2011
5115,,,,,,2011
5116,,,,,,2011
5117,,,,,,2011
5118,,,,,,2011
5119,,,,,,2011
5120,,,,,,2011
5121,,,,,,2011
5122,,,,,,2011
5123,,,,,,2011
5124,,,,,,2011
5125,,,,,,2011
5126,,,,,,2011
5127,,,,,,2011
5128,,,,,,2011
5129,,,,,,2011
5130,,,,,,2012
5131,,,,,,2012
5132,,,,,,2012
5133,,,,,,2012
5134,,,,,,2012
5135,,,,,,2012
5136,,,,,,2012
5137,,,,,,2012
5138,,,,,,2012
5139,,,,,,2012
5140,,,,,,2012
5141,,,,,,2012
5142,,,,,,2012
5143,,,,,,2012
5144,,,,,,2012
5145,,,,,,2012
5146,,,,,,2012
5147,,,,,,2012
5148,,,,,,2012
5149,,,,,,2012
5150,,,,,,2012
5151,,,,,,2012
5152,,,,,,2012
5153,,,,,,2012
5154,,,,,,2012
5155,,,,,,2012
5156,,,,,,2012
5157,,,,,,2012
5158,,,,,,2012
5159,,,,,,2012
5160,,,,,,2012
5161,,,,,,2012
5162,,,,,,2012
5163,,,,,,2012
5164,,,,,,2012
5165,,,,,,2012
5166,,,,,,2012
5167,,,,,,2012
5168,,,,,,2012
5169,,,,,,2012
5170,,,,,,2012
5171,,,,,,2012
5172,,,,,,2012
5173,,,,,,2012
5174,,,,,,2012
5175,,,,,,2012
5176,,,,,,2012
5177,,,,,,2012
5178,,,,,,2012
5179,,,,,,2012
5180,,,,,,2012
5181,,,,,,2012
5182,,,,,,2012
5183,,,,,,2012
5184,,,,,,2012
5185,,,,,,2012
5186,,,,,,2012
5187,,,,,,2012
5188,,,,,,2012
5189,,,,,,2012
5190,,,,,,2012
5191,,,,,,2012
5192,,,,,,2012
5193,,,,,,2012
5194,,,,,,2012
5195,,,,,,2012
5196,,,,,,2012
5197,,,,,,2012
5198,,,,,,2012
5199,,,,,,2012
5200,,,,,,2012
5201,,,,,,2012
5202,,,,,,2012
5203,,,,,,2012
5204,,,,,,2012
5205,,,,,,2012
5206,,,,,,2012
5207,,,,,,2012
5208,,,,,,2012
5209,,,,,,2012
5210,,,,,,2012
5211,,,,,,2012
5212,,,,,,2012
5213,,,,,,2012
5214,,,,,,2012
5215,,,,,,2012
5216,,,,,,2012
5217,,,,,,2012
5218,,,,,,2012
5219,,,,,,2012
5220,,,,,,2013
5221,,,,,,2013
5222,,,,,,2013
5223,,,,,,2013
5224,,,,,,2013
5225,,,,,,2013
5226,,,,,,2013
5227,,,,,,2013
5228,,,,,,2013
5229,,,,,,2013
5230,,,,,,2013
5231,,,,,,2013
5232,,,,,,2013
5233,,,,,,2013
5234,,,,,,2013
5235,,,,,,2013
5236,,,,,,2013
5237,,,,,,2013
5238,,,,,,2013
5239,,,,,,2013
5240,,,,,,2013
5241,,,,,,2013
5242,,,,,,2013
5243,,,,,,2013
5244,,,,,,2013
5245,,,,,,2013
5246,,,,,,2013
5247,,,,,,2013
5248,,,,,,2013
5249,,,,,,2013
5250,,,,,,2013
5251,,,,,,2013
5252,,,,,,2013
5253,,,,,,2013
5254,,,,,,2013
5255,,,,,,2013
5256,,,,,,2013
5257,,,,,,2013
5258,,,,,,2013
5259,,,,,,2013
5260,,,,,,2013
5261,,,,,,2013
5262,,,,,,2013
5263,,,,,,2013
5264,,,,,,2013
5265,,,,,,2013
5266,,,,,,2013
5267,,,,,,2013
5268,,,,,,2013
5269,,,,,,2013
5270,,,,,,2013
5271,,,,,,2013
5272,,,,,,2013
5273,,,,,,2013
5274,,,,,,2013
5275,,,,,,2013
5276,,,,,,2013
5277,,,,,,2013
5278,,,,,,2013
5279,,,,,,2013
5280,,,,,,2013
5281,,,,,,2013
5282,,,,,,2013
5283,,,,,,2013
5284,,,,,,2013
5285,,,,,,2013
5286,,,,,,2013
5287,,,,,,2013
5288,,,,,,2013
5289,,,,,,2013
5290,,,,,,2013
5291,,,,,,2013
5292,,,,,,2013
5293,,,,,,2013
5294,,,,,,2013
5295,,,,,,2013
5296,,,,,,2013
5297,,,,,,2013
5298,,,,,,2013
5299,,,,,,2013
5300,,,,,,2013
5301,,,,,,2013
5302,,,,,,2013
5303,,,,,,2013
5304,,,,,,2013
5305,,,,,,2013
5306,,,,,,2013
5307,,,,,,2013
5308,,,,,,2013
5309,,,,,,2013
5310,,,,,,2014
5311,,,,,,2014
5312,,,,,,2014
5313,,,,,,2014
5314,,,,,,2014
5315,,,,,,2014
5316,,,,,,2014
5317,,,,,,2014
5318,,,,,,2014
5319,,,,,,2014
5320,,,,,,2014
5321,,,,,,2014
5322,,,,,,2014
5323,,,,,,2014
5324,,,,,,2014
5325,,,,,,2014
5326,,,,,,2014
5327,,,,,,2014
5328,,,,,,2014
5329,,,,,,2014
5330,,,,,,2014
5331,,,,,,2014
5332,,,,,,2014
5333,,,,,,2014
5334,,,,,,2014
5335,,,,,,2014
5336,,,,,,2014
5337,,,,,,2014
5338,,,,,,2014
5339,,,,,,2014
5340,,,,,,2014
5341,,,,,,2014
5342,,,,,,2014
5343,,,,,,2014
5344,,,,,,2014
5345,,,,,,2014
5346,,,,,,2014
5347,,,,,,2014
5348,,,,,,2014
5349,,,,,,2014
5350,,,,,,2014
5351,,,,,,2014
5352,,,,,,2014
5353,,,,,,2014
5354,,,,,,2014
5355,,,,,,2014
5356,,,,,,2014
5357,,,,,,2014
5358,,,,,,2014
5359,,,,,,2014
5360,,,,,,2014
5361,,,,,,2014
5362,,,,,,2014
5363,,,,,,2014
5364,,,,,,2014
5365,,,,,,2014
5366,,,,,,2014
5367,,,,,,2014
5368,,,,,,2014
5369,,,,,,2014
5370,,,,,,2014
5371,,,,,,2014
5372,,,,,,2014
5373,,,,,,2014
5374,,,,,,2014
5375,,,,,,2014
5376,,,,,,2014
5377,,,,,,2014
5378,,,,,,2014
5379,,,,,,2014
5380,,,,,,2014
5381,,,,,,2014
5382,,,,,,2014
5383,,,,,,2014
5384,,,,,,2014
5385,,,,,,2014
5386,,,,,,2014
5387,,,,,,2014
5388,,,,,,2014
5389,,,,,,2014
5390,,,,,,2014
5391,,,,,,2014
5392,,,,,,2014
5393,,,,,,2014
5394,,,,,,2014
5395,,,,,,2014
5396,,,,,,2014
5397,,,,,,2014
5398,,,,,,2014
5399,,,,,,2014
5400,,,,,,2015
5401,,,,,,2015
5402,,,,,,2015
5403,,,,,,2015
5404,,,,,,2015
5405,,,,,,2015
5406,,,,,,2015
5407,,,,,,2015
5408,,,,,,2015
5409,,,,,,2015
5410,,,,,,2015
5411,,,,,,2015
5412,,,,,,2015
5413,,,,,,2015
5414,,,,,,2015
5415,,,,,,2015
5416,,,,,,2015
5417,,,,,,2015
5418,,,,,,2015
5419,,,,,,2015
5420,,,,,,2015
5421,,,,,,2015
5422,,,,,,2015
5423,,,,,,2015
5424,,,,,,2015
5425,,,,,,2015
5426,,,,,,2015
5427,,,,,,2015
5428,,,,,,2015
5429,,,,,,2015
5430,,,,,,2015
5431,,,,,,2015
5432,,,,,,2015
5433,,,,,,2015
5434,,,,,,2015
5435,,,,,,2015
5436,,,,,,2015
5437,,,,,,2015
5438,,,,,,2015
5439,,,,,,2015
5440,,,,,,2015
5441,,,,,,2015
5442,,,,,,2015
5443,,,,,,2015
5444,,,,,,2015
5445,,,,,,2015
5446,,,,,,2015
5447,,,,,,2015
5448,,,,,,2015
5449,,,,,,2015
5450,,,,,,2015
5451,,,,,,2015
5452,,,,,,2015
5453,,,,,,2015
5454,,,,,,2015
5455,,,,,,2015
5456,,,,,,2015
5457,,,,,,2015
5458,,,,,,2015
5459,,,,,,2015
5460,,,,,,2015
5461,,,,,,2015
5462,,,,,,2015
5463,,,,,,2015
5464,,,,,,2015
5465,,,,,,2015
5466,,,,,,2015
5467,,,,,,2015
5468,,,,,,2015
5469,,,,,,2015
5470,,,,,,2015
5471,,,,,,2015
5472,,,,,,2015
5473,,,,,,2015
5474,,,,,,2015
5475,,,,,,2015
5476,,,,,,2015
5477,,,,,,2015
5478,,,,,,2015
5479,,,,,,2015
5480,,,,,,2015
5481,,,,,,2015
5482,,,,,,2015
5483,,,,,,2015
5484,,,,,,2015
5485,,,,,,2015
5486,,,,,,2015
5487,,,,,,2015
5488,,,,,,2015
5489,,,,,,2015
5490,,,,,,2016
5491,,,,,,2016
5492,,,,,,2016
5493,,,,,,2016
5494,,,,,,2016
5495,,,,,,2016
5496,,,,,,2016
5497,,,,,,2016
5498,,,,,,2016
5499,,,,,,2016
5500,,,,,,2016
5501,,,,,,2016
5502,,,,,,2016
5503,,,,,,2016
5504,,,,,,2016
5505,,,,,,2016
5506,,,,,,2016
5507,,,,,,2016
5508,,,,,,2016
5509,,,,,,2016
5510,,,,,,2016
5511,,,,,,2016
5512,,,,,,2016
5513,,,,,,2016
5514,,,,,,2016
5515,,,,,,2016
5516,,,,,,2016
5517,,,,,,2016
5518,,,,,,2016
5519,,,,,,2016
5520,,,,,,2016
5521,,,,,,2016
5522,,,,,,2016
5523,,,,,,2016
5524,,,,,,2016
5525,,,,,,2016
5526,,,,,,2016
5527,,,,,,2016
5528,,,,,,2016
5529,,,,,,2016
5530,,,,,,2016
5531,,,,,,2016
5532,,,,,,2016
5533,,,,,,2016
5534,,,,,,2016
5535,,,,,,2016
5536,,,,,,2016
5537,,,,,,2016
5538,,,,,,2016
5539,,,,,,2016
5540,,,,,,2016
5541,,,,,,2016
5542,,,,,,2016
5543,,,,,,2016
5544,,,,,,2016
5545,,,,,,2016
5546,,,,,,2016
5547,,,,,,2016
5548,,,,,,2016
5549,,,,,,2016
5550,,,,,,2016
5551,,,,,,2016
5552,,,,,,2016
5553,,,,,,2016
5554,,,,,,2016
5555,,,,,,2016
5556,,,,,,2016
5557,,,,,,2016
5558,,,,,,2016
5559,,,,,,2016
5560,,,,,,2016
5561,,,,,,2016
5562,,,,,,2016
5563,,,,,,2016
5564,,,,,,2016
5565,,,,,,2016
5566,,,,,,2016
5567,,,,,,2016
5568,,,,,,2016
5569,,,,,,2016
5570,,,,,,2016
5571,,,,,,2016
5572,,,,,,2016
5573,,,,,,2016
5574,,,,,,2016
5575,,,,,,2016
5576,,,,,,2016
5577,,,,,,2016
5578,,,,,,2016
5579,,,,,,2016
5580,,,,,,2017
5581,,,,,,2017
5582,,,,,,2017
5583,,,,,,2017
5584,,,,,,2017
5585,,,,,,2017
5586,,,,,,2017
5587,,,,,,2017
5588,,,,,,2017
5589,,,,,,2017
5590,,,,,,2017
5591,,,,,,2017
5592,,,,,,2017
5593,,,,,,2017
5594,,,,,,2017
5595,,,,,,2017
5596,,,,,,2017
5597,,,,,,2017
5598,,,,,,2017
5599,,,,,,2017
5600,,,,,,2017
5601,,,,,,2017
5602,,,,,,2017
5603,,,,,,2017
5604,,,,,,2017
5605,,,,,,2017
5606,,,,,,2017
5607,,,,,,2017
5608,,,,,,2017
5609,,,,,,2017
5610,,,,,,2017
5611,,,,,,2017
5612,,,,,,2017
5613,,,,,,2017
5614,,,,,,2017
5615,,,,,,2017
5616,,,,,,2017
5617,,,,,,2017
5618,,,,,,2017
5619,,,,,,2017
5620,,,,,,2017
5621,,,,,,2017
5622,,,,,,2017
5623,,,,,,2017
5624,,,,,,2017
5625,,,,,,2017
5626,,,,,,2017
5627,,,,,,2017
5628,,,,,,2017
5629,,,,,,2017
5630,,,,,,2017
5631,,,,,,2017
5632,,,,,,2017
5633,,,,,,2017
5634,,,,,,2017
5635,,,,,,2017
5636,,,,,,2017
5637,,,,,,2017
5638,,,,,,2017
5639,,,,,,2017
5640,,,,,,2017
5641,,,,,,2017
5642,,,,,,2017
5643,,,,,,2017
5644,,,,,,2017
5645,,,,,,2017
5646,,,,,,2017
5647,,,,,,2017
5648,,,,,,2017
5649,,,,,,2017
5650,,,,,,2017
5651,,,,,,2017
5652,,,,,,2017
5653,,,,,,2017
5654,,,,,,2017
5655,,,,,,2017
5656,,,,,,2017
5657,,,,,,2017
5658,,,,,,2017
5659,,,,,,2017
5660,,,,,,2017
5661,,,,,,2017
5662,,,,,,2017
5663,,,,,,2017
5664,,,,,,2017
5665,,,,,,2017
5666,,,,,,2017
5667,,,,,,2017
5668,,,,,,2017
5669,,,,,,2017
5670,,,,,,2018
5671,,,,,,2018
5672,,,,,,2018
5673,,,,,,2018
5674,,,,,,2018
5675,,,,,,2018
5676,,,,,,2018
5677,,,,,,2018
5678,,,,,,2018
5679,,,,,,2018
5680,,,,,,2018
5681,,,,,,2018
5682,,,,,,2018
5683,,,,,,2018
5684,,,,,,2018
5685,,,,,,2018
5686,,,,,,2018
5687,,,,,,2018
5688,,,,,,2018
5689,,,,,,2018
5690,,,,,,2018
5691,,,,,,2018
5692,,,,,,2018
5693,,,,,,2018
5694,,,,,,2018
5695,,,,,,2018
5696,,,,,,2018
5697,,,,,,2018
5698,,,,,,2018
5699,,,,,,2018
5700,,,,,,2018
5701,,,,,,2018
5702,,,,,,2018
5703,,,,,,2018
5704,,,,,,2018
5705,,,,,,2018
5706,,,,,,2018
5707,,,,,,2018
5708,,,,,,2018
5709,,,,,,2018
5710,,,,,,2018
5711,,,,,,2018
5712,,,,,,2018
5713,,,,,,2018
5714,,,,,,2018
5715,,,,,,2018
5716,,,,,,2018
5717,,,,,,2018
5718,,,,,,2018
5719,,,,,,2018
5720,,,,,,2018
5721,,,,,,2018
5722,,,,,,2018
5723,,,,,,2018
5724,,,,,,2018
5725,,,,,,2018
5726,,,,,,2018
5727,,,,,,2018
5728,,,,,,2018
5729,,,,,,2018
5730,,,,,,2018
5731,,,,,,2018
5732,,,,,,2018
5733,,,,,,2018
5734,,,,,,2018
5735,,,,,,2018
5736,,,,,,2018
5737,,,,,,2018
5738,,,,,,2018
5739,,,,,,2018
5740,,,,,,2018
5741,,,,,,2018
5742,,,,,,2018
5743,,,,,,2018
5744,,,,,,2018
5745,,,,,,2018
5746,,,,,,2018
5747,,,,,,2018
5748,,,,,,2018
5749,,,,,,2018
5750,,,,,,2018
5751,,,,,,2018
5752,,,,,,2018
5753,,,,,,2018
5754,,,,,,2018
5755,,,,,,2018
5756,,,,,,2018
5757,,,,,,2018
5758,,,,,,2018
5759,,,,,,2018
5760,,,,,,2019
5761,,,,,,2019
5762,,,,,,2019
5763,,,,,,2019
5764,,,,,,2019
5765,,,,,,2019
5766,,,,,,2019
5767,,,,,,2019
5768,,,,,,2019
5769,,,,,,2019
5770,,,,,,2019
5771,,,,,,2019
5772,,,,,,2019
5773,,,,,,2019
5774,,,,,,2019
5775,,,,,,2019
5776,,,,,,2019
5777,,,,,,2019
5778,,,,,,2019
5779,,,,,,2019
5780,,,,,,2019
5781,,,,,,2019
5782,,,,,,2019
5783,,,,,,2019
5784,,,,,,2019
5785,,,,,,2019
5786,,,,,,2019
5787,,,,,,2019
5788,,,,,,2019
5789,,,,,,2019
5790,,,,,,2019
5791,,,,,,2019
5792,,,,,,2019
5793,,,,,,2019
5794,,,,,,2019
5795,,,,,,2019
5796,,,,,,2019
5797,,,,,,2019
5798,,,,,,2019
5799,,,,,,2019
5800,,,,,,2019
5801,,,,,,2019
5802,,,,,,2019
5803,,,,,,2019
5804,,,,,,2019
5805,,,,,,2019
5806,,,,,,2019
5807,,,,,,2019
5808,,,,,,2019
5809,,,,,,2019
5810,,,,,,2019
5811,,,,,,2019
5812,,,,,,2019
5813,,,,,,2019
5814,,,,,,2019
5815,,,,,,2019
5816,,,,,,2019
5817,,,,,,2019
5818,,,,,,2019
5819,,,,,,2019
5820,,,,,,2019
5821,,,,,,2019
5822,,,,,,2019
5823,,,,,,2019
5824,,,,,,2019
5825,,,,,,2019
5826,,,,,,2019
5827,,,,,,2019
5828,,,,,,2019
5829,,,,,,2019
5830,,,,,,2019
5831,,,,,,2019
5832,,,,,,2019
5833,,,,,,2019
5834,,,,,,2019
5835,,,,,,2019
5836,,,,,,2019
5837,,,,,,2019
5838,,,,,,2019
5839,,,,,,2019
5840,,,,,,2019
5841,,,,,,2019
5842,,,,,,2019
5843,,,,,,2019
5844,,,,,,2019
5845,,,,,,2019
5846,,,,,,2019
5847,,,,,,2019
5848,,,,,,2019
5849,,,,,,2019
5850,,,,,,2020
5851,,,,,,2020
5852,,,,,,2020
5853,,,,,,2020
5854,,,,,,2020
5855,,,,,,2020
5856,,,,,,2020
5857,,,,,,2020
5858,,,,,,2020
5859,,,,,,2020
5860,,,,,,2020
5861,,,,,,2020
5862,,,,,,2020
5863,,,,,,2020
5864,,,,,,2020
5865,,,,,,2020
5866,,,,,,2020
5867,,,,,,2020
5868,,,,,,2020
5869,,,,,,2020
5870,,,,,,2020
5871,,,,,,2020
5872,,,,,,2020
5873,,,,,,2020
5874,,,,,,2020
5875,,,,,,2020
5876,,,,,,2020
5877,,,,,,2020
5878,,,,,,2020
5879,,,,,,2020
5880,,,,,,2020
5881,,,,,,2020
5882,,,,,,2020
5883,,,,,,2020
5884,,,,,,2020
5885,,,,,,2020
5886,,,,,,2020
5887,,,,,,2020
5888,,,,,,2020
5889,,,,,,2020
5890,,,,,,2020
5891,,,,,,2020
5892,,,,,,2020
5893,,,,,,2020
5894,,,,,,2020
5895,,,,,,2020
5896,,,,,,2020
5897,,,,,,2020
5898,,,,,,2020
5899,,,,,,2020
5900,,,,,,2020
5901,,,,,,2020
5902,,,,,,2020
5903,,,,,,2020
5904,,,,,,2020
5905,,,,,,2020
5906,,,,,,2020
5907,,,,,,2020
5908,,,,,,2020
5909,,,,,,2020
5910,,,,,,2020
5911,,,,,,2020
5912,,,,,,2020
5913,,,,,,2020
5914,,,,,,2020
5915,,,,,,2020
5916,,,,,,2020
5917,,,,,,2020
5918,,,,,,2020
5919,,,,,,2020
5920,,,,,,2020
5921,,,,,,2020
5922,,,,,,2020
5923,,,,,,2020
5924,,,,,,2020
5925,,,,,,2020
5926,,,,,,2020
5927,,,,,,2020
5928,,,,,,2020
5929,,,,,,2020
5930,,,,,,2020
5931,,,,,,2020
5932,,,,,,2020
5933,,,,,,2020
5934,,,,,,2020
5935,,,,,,2020
5936,,,,,,2020
5937,,,,,,2020
5938,,,,,,2020
5939,,,,,,2020
